=== Rebuilding liboqs for ARM ===
-- The C compiler identification is GNU 14.2.0
-- The ASM compiler identification is GNU
-- Found assembler: /usr/bin/arm-linux-gnueabihf-gcc
-- Detecting C compiler ABI info
-- Detecting C compiler ABI info - done
-- Check for working C compiler: /usr/bin/arm-linux-gnueabihf-gcc - skipped
-- Detecting C compile features
-- Detecting C compile features - done
-- OQS Testing: Pytest parallel workers set to 'auto'
CMake Warning at CMakeLists.txt:143 (message):
  Unknown or unsupported processor: arm


CMake Warning at CMakeLists.txt:144 (message):
  Compilation on an unsupported processor should only be used for testing, as
  it may result an insecure configuration, for example due to variable-time
  instructions leaking secret information.


-- CMAKE_BUILD_TYPE=Release
-- Performing Test CC_SUPPORTS_WA_NOEXECSTACK
-- Performing Test CC_SUPPORTS_WA_NOEXECSTACK - Success
-- Performing Test LD_SUPPORTS_WL_Z_NOEXECSTACK
-- Performing Test LD_SUPPORTS_WL_Z_NOEXECSTACK - Success
-- Performing Test CMAKE_HAVE_LIBC_PTHREAD
-- Performing Test CMAKE_HAVE_LIBC_PTHREAD - Success
-- Found Threads: TRUE
-- Alg enablement unchanged
-- Looking for getentropy
-- Looking for getentropy - found
-- Looking for getentropy
-- Looking for getentropy - found
-- Looking for aligned_alloc
-- Looking for aligned_alloc - found
-- Looking for posix_memalign
-- Looking for posix_memalign - found
-- Looking for memalign
-- Looking for memalign - found
-- Looking for explicit_bzero
-- Looking for explicit_bzero - found
-- Looking for explicit_memset
-- Looking for explicit_memset - not found
-- Looking for memset_s
-- Looking for memset_s - not found
-- Configuring done (1.6s)
-- Generating done (0.4s)
CMake Warning:
  Manually-specified variables were not used by the project:

    CMAKE_CXX_COMPILER


-- Build files have been written to: /home/user/liboqs/build-arm
[  1%] Building C object src/common/sha3/xkcp_low/CMakeFiles/xkcp_low_keccakp_1600_plain64.dir/KeccakP-1600/plain-64bits/KeccakP-1600-opt64.c.o
[  1%] Building C object src/kem/ntruprime/CMakeFiles/ntruprime_sntrup761_openssh.dir/kem_ntruprime_sntrup761.c.o
[  1%] Building C object src/common/sha3/xkcp_low/CMakeFiles/xkcp_low_keccakp_1600times4_serial.dir/KeccakP-1600times4/serial/KeccakP-1600-times4-on1.c.o
[  1%] Building C object src/common/CMakeFiles/common.dir/aes/aes_impl.c.o
[  1%] Building C object src/kem/ntru/CMakeFiles/ntru_hps40961229_clean.dir/kem_ntru_hps40961229.c.o
[  1%] Building C object src/kem/frodokem/CMakeFiles/frodokem.dir/kem_frodokem640aes.c.o
[  2%] Building C object src/kem/ntru/CMakeFiles/ntru_hrss701_clean.dir/kem_ntru_hrss701.c.o
[  2%] Building C object src/kem/ntru/CMakeFiles/ntru_hps2048677_clean.dir/kem_ntru_hps2048677.c.o
[  2%] Building C object src/kem/ntru/CMakeFiles/ntru_hrss1373_clean.dir/kem_ntru_hrss1373.c.o
[  2%] Building C object src/sig/slh_dsa/CMakeFiles/slh_dsa_c.dir/slh_dsa_c/sha2_256.c.o
[  2%] Building C object src/kem/ntru/CMakeFiles/ntru_hps2048509_clean.dir/kem_ntru_hps2048509.c.o
[  2%] Building C object src/kem/ntru/CMakeFiles/ntru_hps4096821_clean.dir/kem_ntru_hps4096821.c.o
[  3%] Building C object src/common/CMakeFiles/common.dir/aes/aes_c.c.o
[  3%] Built target xkcp_low_keccakp_1600times4_serial
[  3%] Building C object src/kem/ntruprime/CMakeFiles/ntruprime_sntrup761_openssh.dir/sntrup761_openssh/sntrup761.c.o
[  3%] Building C object src/kem/ntru/CMakeFiles/ntru_hps4096821_clean.dir/pqclean_ntruhps4096821_clean/cmov.c.o
[  3%] Building C object src/kem/ntru/CMakeFiles/ntru_hps40961229_clean.dir/pqclean_ntruhps40961229_clean/cmov.c.o
[  3%] Building C object src/kem/ntru/CMakeFiles/ntru_hps2048677_clean.dir/pqclean_ntruhps2048677_clean/cmov.c.o
[  3%] Building C object src/kem/ntru/CMakeFiles/ntru_hrss701_clean.dir/pqclean_ntruhrss701_clean/cmov.c.o
[  4%] Building C object src/kem/ntru/CMakeFiles/ntru_hrss1373_clean.dir/pqclean_ntruhrss1373_clean/cmov.c.o
[  4%] Building C object src/kem/frodokem/CMakeFiles/frodokem.dir/external/frodo/frodo640aes.c.o
[  4%] Building C object src/kem/ntru/CMakeFiles/ntru_hps2048509_clean.dir/pqclean_ntruhps2048509_clean/cmov.c.o
[  4%] Building C object src/kem/ntru/CMakeFiles/ntru_hrss701_clean.dir/pqclean_ntruhrss701_clean/kem.c.o
[  4%] Building C object src/kem/ntru/CMakeFiles/ntru_hrss1373_clean.dir/pqclean_ntruhrss1373_clean/kem.c.o
[  4%] Building C object src/kem/ntru/CMakeFiles/ntru_hps40961229_clean.dir/pqclean_ntruhps40961229_clean/crypto_sort_int32.c.o
[  4%] Building C object src/kem/ntru/CMakeFiles/ntru_hps2048677_clean.dir/pqclean_ntruhps2048677_clean/crypto_sort_int32.c.o
[  4%] Building C object src/kem/ntru/CMakeFiles/ntru_hps2048677_clean.dir/pqclean_ntruhps2048677_clean/kem.c.o
[  4%] Building C object src/kem/ntru/CMakeFiles/ntru_hps2048509_clean.dir/pqclean_ntruhps2048509_clean/crypto_sort_int32.c.o
[  4%] Building C object src/kem/ntru/CMakeFiles/ntru_hps4096821_clean.dir/pqclean_ntruhps4096821_clean/crypto_sort_int32.c.o
[  4%] Building C object src/kem/ntru/CMakeFiles/ntru_hrss701_clean.dir/pqclean_ntruhrss701_clean/owcpa.c.o
[  4%] Building C object src/kem/ntru/CMakeFiles/ntru_hrss1373_clean.dir/pqclean_ntruhrss1373_clean/owcpa.c.o
[  4%] Building C object src/sig/slh_dsa/CMakeFiles/slh_dsa_c.dir/slh_dsa_c/sha2_512.c.o
[  4%] Building C object src/kem/ntru/CMakeFiles/ntru_hps2048509_clean.dir/pqclean_ntruhps2048509_clean/kem.c.o
[  4%] Building C object src/kem/ntru/CMakeFiles/ntru_hps40961229_clean.dir/pqclean_ntruhps40961229_clean/kem.c.o
[  4%] Building C object src/kem/ntru/CMakeFiles/ntru_hrss701_clean.dir/pqclean_ntruhrss701_clean/pack3.c.o
[  4%] Building C object src/kem/ntru/CMakeFiles/ntru_hps2048677_clean.dir/pqclean_ntruhps2048677_clean/owcpa.c.o
[  4%] Building C object src/sig/slh_dsa/CMakeFiles/slh_dsa_c.dir/slh_dsa_c/sha3_api.c.o
[  4%] Building C object src/kem/ntru/CMakeFiles/ntru_hps2048509_clean.dir/pqclean_ntruhps2048509_clean/owcpa.c.o
[  4%] Building C object src/kem/ntru/CMakeFiles/ntru_hps4096821_clean.dir/pqclean_ntruhps4096821_clean/kem.c.o
[  4%] Building C object src/kem/ntru/CMakeFiles/ntru_hrss1373_clean.dir/pqclean_ntruhrss1373_clean/pack3.c.o
[  4%] Building C object src/kem/ntru/CMakeFiles/ntru_hrss701_clean.dir/pqclean_ntruhrss701_clean/packq.c.o
[  4%] Building C object src/kem/ntru/CMakeFiles/ntru_hps40961229_clean.dir/pqclean_ntruhps40961229_clean/owcpa.c.o
[  4%] Building C object src/kem/ntru/CMakeFiles/ntru_hps2048677_clean.dir/pqclean_ntruhps2048677_clean/pack3.c.o
[  4%] Building C object src/kem/ntru/CMakeFiles/ntru_hrss1373_clean.dir/pqclean_ntruhrss1373_clean/packq.c.o
[  5%] Building C object src/kem/ntru/CMakeFiles/ntru_hps4096821_clean.dir/pqclean_ntruhps4096821_clean/owcpa.c.o
[  5%] Building C object src/sig/slh_dsa/CMakeFiles/slh_dsa_c.dir/slh_dsa_c/sha3_f1600.c.o
[  5%] Building C object src/kem/ntru/CMakeFiles/ntru_hps2048509_clean.dir/pqclean_ntruhps2048509_clean/pack3.c.o
[  5%] Building C object src/kem/ntru/CMakeFiles/ntru_hps2048677_clean.dir/pqclean_ntruhps2048677_clean/packq.c.o
[  5%] Building C object src/kem/ntru/CMakeFiles/ntru_hrss701_clean.dir/pqclean_ntruhrss701_clean/poly.c.o
[  5%] Building C object src/kem/ntru/CMakeFiles/ntru_hps40961229_clean.dir/pqclean_ntruhps40961229_clean/pack3.c.o
[  5%] Building C object src/kem/ntru/CMakeFiles/ntru_hps2048509_clean.dir/pqclean_ntruhps2048509_clean/packq.c.o
[  5%] Building C object src/kem/ntru/CMakeFiles/ntru_hrss1373_clean.dir/pqclean_ntruhrss1373_clean/poly.c.o
[  5%] Building C object src/kem/ntru/CMakeFiles/ntru_hps4096821_clean.dir/pqclean_ntruhps4096821_clean/pack3.c.o
[  6%] Building C object src/kem/ntru/CMakeFiles/ntru_hps40961229_clean.dir/pqclean_ntruhps40961229_clean/packq.c.o
[  6%] Building C object src/kem/ntru/CMakeFiles/ntru_hrss701_clean.dir/pqclean_ntruhrss701_clean/poly_lift.c.o
[  6%] Building C object src/kem/ntru/CMakeFiles/ntru_hps4096821_clean.dir/pqclean_ntruhps4096821_clean/packq.c.o
[  6%] Building C object src/kem/ntru/CMakeFiles/ntru_hrss1373_clean.dir/pqclean_ntruhrss1373_clean/poly_lift.c.o
[  6%] Building C object src/kem/ntru/CMakeFiles/ntru_hps2048677_clean.dir/pqclean_ntruhps2048677_clean/poly.c.o
[  6%] Building C object src/kem/ntru/CMakeFiles/ntru_hps2048509_clean.dir/pqclean_ntruhps2048509_clean/poly.c.o
[  6%] Building C object src/kem/ntru/CMakeFiles/ntru_hrss701_clean.dir/pqclean_ntruhrss701_clean/poly_mod.c.o
[  6%] Building C object src/kem/ntru/CMakeFiles/ntru_hps2048677_clean.dir/pqclean_ntruhps2048677_clean/poly_lift.c.o
[  6%] Building C object src/kem/ntru/CMakeFiles/ntru_hrss1373_clean.dir/pqclean_ntruhrss1373_clean/poly_mod.c.o
[  6%] Building C object src/kem/ntru/CMakeFiles/ntru_hrss701_clean.dir/pqclean_ntruhrss701_clean/poly_r2_inv.c.o
[  6%] Building C object src/kem/ntru/CMakeFiles/ntru_hps40961229_clean.dir/pqclean_ntruhps40961229_clean/poly.c.o
[  6%] Building C object src/kem/ntru/CMakeFiles/ntru_hps2048509_clean.dir/pqclean_ntruhps2048509_clean/poly_lift.c.o
[  7%] Building C object src/kem/ntru/CMakeFiles/ntru_hps2048677_clean.dir/pqclean_ntruhps2048677_clean/poly_mod.c.o
[  7%] Building C object src/kem/ntru/CMakeFiles/ntru_hrss1373_clean.dir/pqclean_ntruhrss1373_clean/poly_r2_inv.c.o
[  8%] Building C object src/sig/slh_dsa/CMakeFiles/slh_dsa_c.dir/slh_dsa_c/slh_dsa.c.o
[  8%] Building C object src/kem/ntru/CMakeFiles/ntru_hps4096821_clean.dir/pqclean_ntruhps4096821_clean/poly.c.o
[  8%] Building C object src/kem/ntru/CMakeFiles/ntru_hps2048509_clean.dir/pqclean_ntruhps2048509_clean/poly_mod.c.o
[  8%] Building C object src/kem/ntru/CMakeFiles/ntru_hrss701_clean.dir/pqclean_ntruhrss701_clean/poly_rq_mul.c.o
[  8%] Building C object src/kem/ntru/CMakeFiles/ntru_hps40961229_clean.dir/pqclean_ntruhps40961229_clean/poly_lift.c.o
[  8%] Building C object src/kem/ntru/CMakeFiles/ntru_hps2048677_clean.dir/pqclean_ntruhps2048677_clean/poly_r2_inv.c.o
[  8%] Building C object src/kem/ntru/CMakeFiles/ntru_hrss1373_clean.dir/pqclean_ntruhrss1373_clean/poly_rq_mul.c.o
[  8%] Building C object src/kem/ntru/CMakeFiles/ntru_hps4096821_clean.dir/pqclean_ntruhps4096821_clean/poly_lift.c.o
[  8%] Building C object src/kem/frodokem/CMakeFiles/frodokem.dir/kem_frodokem640shake.c.o
[  8%] Building C object src/kem/ntru/CMakeFiles/ntru_hps2048509_clean.dir/pqclean_ntruhps2048509_clean/poly_r2_inv.c.o
[  8%] Building C object src/kem/ntru/CMakeFiles/ntru_hps40961229_clean.dir/pqclean_ntruhps40961229_clean/poly_mod.c.o
[  8%] Building C object src/kem/ntru/CMakeFiles/ntru_hps4096821_clean.dir/pqclean_ntruhps4096821_clean/poly_mod.c.o
[  8%] Building C object src/kem/ntru/CMakeFiles/ntru_hrss1373_clean.dir/pqclean_ntruhrss1373_clean/poly_s3_inv.c.o
[  8%] Building C object src/kem/ntru/CMakeFiles/ntru_hps2048677_clean.dir/pqclean_ntruhps2048677_clean/poly_rq_mul.c.o
[  8%] Building C object src/kem/ntru/CMakeFiles/ntru_hps40961229_clean.dir/pqclean_ntruhps40961229_clean/poly_r2_inv.c.o
[  8%] Building C object src/kem/ntru/CMakeFiles/ntru_hps4096821_clean.dir/pqclean_ntruhps4096821_clean/poly_r2_inv.c.o
[  9%] Building C object src/kem/ntru/CMakeFiles/ntru_hps2048509_clean.dir/pqclean_ntruhps2048509_clean/poly_rq_mul.c.o
[  9%] Building C object src/kem/frodokem/CMakeFiles/frodokem.dir/external/frodo/frodo640shake.c.o
[  9%] Building C object src/kem/ntru/CMakeFiles/ntru_hps4096821_clean.dir/pqclean_ntruhps4096821_clean/poly_rq_mul.c.o
[  9%] Building C object src/kem/ntru/CMakeFiles/ntru_hps40961229_clean.dir/pqclean_ntruhps40961229_clean/poly_rq_mul.c.o
[  9%] Building C object src/kem/classic_mceliece/CMakeFiles/classic_mceliece_348864_clean.dir/kem_classic_mceliece_348864.c.o
[  9%] Built target ntruprime_sntrup761_openssh
[  9%] Building C object src/kem/classic_mceliece/CMakeFiles/classic_mceliece_348864_clean.dir/pqclean_mceliece348864_clean/aes256ctr.c.o
[  9%] Building C object src/kem/ntru/CMakeFiles/ntru_hps40961229_clean.dir/pqclean_ntruhps40961229_clean/poly_s3_inv.c.o
[  9%] Building C object src/kem/classic_mceliece/CMakeFiles/classic_mceliece_348864_clean.dir/pqclean_mceliece348864_clean/benes.c.o
[  9%] Building C object src/sig/slh_dsa/CMakeFiles/slh_dsa_c.dir/slh_dsa_c/slh_prehash.c.o
[  9%] Building C object src/common/CMakeFiles/common.dir/aes/aes.c.o
[  9%] Building C object src/kem/classic_mceliece/CMakeFiles/classic_mceliece_348864f_clean.dir/kem_classic_mceliece_348864f.c.o
[  9%] Building C object src/sig/slh_dsa/CMakeFiles/slh_dsa_c.dir/slh_dsa_c/slh_sha2.c.o
[  9%] Building C object src/common/CMakeFiles/common.dir/sha2/sha2_impl.c.o
[  9%] Building C object src/kem/classic_mceliece/CMakeFiles/classic_mceliece_348864f_clean.dir/pqclean_mceliece348864f_clean/aes256ctr.c.o
[  9%] Building C object src/kem/classic_mceliece/CMakeFiles/classic_mceliece_348864_clean.dir/pqclean_mceliece348864_clean/bm.c.o
[  9%] Building C object src/common/CMakeFiles/common.dir/sha2/sha2_c.c.o
[  9%] Building C object src/kem/classic_mceliece/CMakeFiles/classic_mceliece_348864f_clean.dir/pqclean_mceliece348864f_clean/benes.c.o
[  9%] Building C object src/kem/classic_mceliece/CMakeFiles/classic_mceliece_348864_clean.dir/pqclean_mceliece348864_clean/controlbits.c.o
[  9%] Building C object src/sig/slh_dsa/CMakeFiles/slh_dsa_c.dir/slh_dsa_c/slh_shake.c.o
[  9%] Building C object src/kem/frodokem/CMakeFiles/frodokem.dir/kem_frodokem976aes.c.o
[  9%] Building C object src/kem/frodokem/CMakeFiles/frodokem.dir/external/frodo/frodo976aes.c.o
[  9%] Building C object src/kem/classic_mceliece/CMakeFiles/classic_mceliece_348864f_clean.dir/pqclean_mceliece348864f_clean/bm.c.o
[  9%] Building C object src/sig/slh_dsa/CMakeFiles/slh_dsa_c.dir/wrappers/prehash_sha2_224/slh_dsa_sha2_224_prehash_sha2_128f.c.o
[  9%] Building C object src/kem/classic_mceliece/CMakeFiles/classic_mceliece_348864f_clean.dir/pqclean_mceliece348864f_clean/controlbits.c.o
[  9%] Building C object src/sig/slh_dsa/CMakeFiles/slh_dsa_c.dir/wrappers/prehash_sha2_224/slh_dsa_sha2_224_prehash_sha2_128s.c.o
[  9%] Building C object src/sig/slh_dsa/CMakeFiles/slh_dsa_c.dir/wrappers/prehash_sha2_224/slh_dsa_sha2_224_prehash_sha2_192f.c.o
[  9%] Building C object src/kem/ntru/CMakeFiles/ntru_hps40961229_clean.dir/pqclean_ntruhps40961229_clean/sample.c.o
[  9%] Building C object src/kem/ntru/CMakeFiles/ntru_hrss1373_clean.dir/pqclean_ntruhrss1373_clean/sample.c.o
[  9%] Building C object src/sig/slh_dsa/CMakeFiles/slh_dsa_c.dir/wrappers/prehash_sha2_224/slh_dsa_sha2_224_prehash_sha2_192s.c.o
[  9%] Building C object src/kem/ntru/CMakeFiles/ntru_hps40961229_clean.dir/pqclean_ntruhps40961229_clean/sample_iid.c.o
[  9%] Building C object src/kem/ntru/CMakeFiles/ntru_hrss701_clean.dir/pqclean_ntruhrss701_clean/poly_s3_inv.c.o
[  9%] Building C object src/kem/classic_mceliece/CMakeFiles/classic_mceliece_348864_clean.dir/pqclean_mceliece348864_clean/crypto_int16.c.o
[  9%] Building C object src/kem/ntru/CMakeFiles/ntru_hrss1373_clean.dir/pqclean_ntruhrss1373_clean/sample_iid.c.o
[  9%] Building C object src/kem/ntru/CMakeFiles/ntru_hps2048677_clean.dir/pqclean_ntruhps2048677_clean/poly_s3_inv.c.o
[  9%] Built target ntru_hps40961229_clean
[  9%] Building C object src/kem/classic_mceliece/CMakeFiles/classic_mceliece_348864_clean.dir/pqclean_mceliece348864_clean/crypto_int32.c.o
[  9%] Building C object src/sig/slh_dsa/CMakeFiles/slh_dsa_c.dir/wrappers/prehash_sha2_224/slh_dsa_sha2_224_prehash_sha2_256f.c.o
[  9%] Building C object src/kem/ntru/CMakeFiles/ntru_hrss701_clean.dir/pqclean_ntruhrss701_clean/sample.c.o
[  9%] Built target ntru_hrss1373_clean
[  9%] Building C object src/kem/classic_mceliece/CMakeFiles/classic_mceliece_348864_clean.dir/pqclean_mceliece348864_clean/crypto_uint16.c.o
[  9%] Building C object src/kem/frodokem/CMakeFiles/frodokem.dir/kem_frodokem976shake.c.o
[  9%] Building C object src/kem/classic_mceliece/CMakeFiles/classic_mceliece_348864_clean.dir/pqclean_mceliece348864_clean/crypto_uint32.c.o
[  9%] Building C object src/kem/ntru/CMakeFiles/ntru_hps4096821_clean.dir/pqclean_ntruhps4096821_clean/poly_s3_inv.c.o
[ 10%] Building C object src/kem/ntru/CMakeFiles/ntru_hrss701_clean.dir/pqclean_ntruhrss701_clean/sample_iid.c.o
[ 10%] Building C object src/sig/slh_dsa/CMakeFiles/slh_dsa_c.dir/wrappers/prehash_sha2_224/slh_dsa_sha2_224_prehash_sha2_256s.c.o
[ 10%] Building C object src/kem/ntru/CMakeFiles/ntru_hps2048677_clean.dir/pqclean_ntruhps2048677_clean/sample.c.o
[ 10%] Building C object src/kem/ntru/CMakeFiles/ntru_hps4096821_clean.dir/pqclean_ntruhps4096821_clean/sample.c.o
[ 10%] Building C object src/kem/frodokem/CMakeFiles/frodokem.dir/external/frodo/frodo976shake.c.o
[ 11%] Building C object src/kem/classic_mceliece/CMakeFiles/classic_mceliece_348864f_clean.dir/pqclean_mceliece348864f_clean/crypto_int16.c.o
[ 11%] Building C object src/kem/classic_mceliece/CMakeFiles/classic_mceliece_348864_clean.dir/pqclean_mceliece348864_clean/crypto_uint64.c.o
[ 11%] Built target ntru_hrss701_clean
[ 11%] Building C object src/kem/frodokem/CMakeFiles/frodokem.dir/kem_frodokem1344aes.c.o
[ 11%] Building C object src/kem/ntru/CMakeFiles/ntru_hps2048677_clean.dir/pqclean_ntruhps2048677_clean/sample_iid.c.o
[ 11%] Building C object src/sig/slh_dsa/CMakeFiles/slh_dsa_c.dir/wrappers/prehash_sha2_224/slh_dsa_sha2_224_prehash_shake_128f.c.o
[ 11%] Building C object src/kem/classic_mceliece/CMakeFiles/classic_mceliece_348864_clean.dir/pqclean_mceliece348864_clean/decrypt.c.o
[ 11%] Building C object src/kem/ntru/CMakeFiles/ntru_hps4096821_clean.dir/pqclean_ntruhps4096821_clean/sample_iid.c.o
[ 11%] Building C object src/kem/classic_mceliece/CMakeFiles/classic_mceliece_460896_clean.dir/kem_classic_mceliece_460896.c.o
[ 11%] Building C object src/kem/classic_mceliece/CMakeFiles/classic_mceliece_460896f_clean.dir/kem_classic_mceliece_460896f.c.o
[ 11%] Building C object src/kem/classic_mceliece/CMakeFiles/classic_mceliece_348864f_clean.dir/pqclean_mceliece348864f_clean/crypto_int32.c.o
[ 11%] Built target ntru_hps2048677_clean
[ 11%] Building C object src/kem/classic_mceliece/CMakeFiles/classic_mceliece_6688128_clean.dir/kem_classic_mceliece_6688128.c.o
[ 11%] Built target ntru_hps4096821_clean
[ 11%] Building C object src/kem/classic_mceliece/CMakeFiles/classic_mceliece_348864f_clean.dir/pqclean_mceliece348864f_clean/crypto_uint16.c.o
[ 11%] Building C object src/kem/classic_mceliece/CMakeFiles/classic_mceliece_460896_clean.dir/pqclean_mceliece460896_clean/aes256ctr.c.o
[ 11%] Building C object src/kem/classic_mceliece/CMakeFiles/classic_mceliece_348864_clean.dir/pqclean_mceliece348864_clean/encrypt.c.o
[ 12%] Building C object src/kem/classic_mceliece/CMakeFiles/classic_mceliece_348864_clean.dir/pqclean_mceliece348864_clean/gf.c.o
[ 12%] Building C object src/kem/classic_mceliece/CMakeFiles/classic_mceliece_348864f_clean.dir/pqclean_mceliece348864f_clean/crypto_uint32.c.o
[ 12%] Building C object src/kem/classic_mceliece/CMakeFiles/classic_mceliece_460896f_clean.dir/pqclean_mceliece460896f_clean/aes256ctr.c.o
[ 12%] Building C object src/sig/slh_dsa/CMakeFiles/slh_dsa_c.dir/wrappers/prehash_sha2_224/slh_dsa_sha2_224_prehash_shake_128s.c.o
[ 12%] Building C object src/kem/classic_mceliece/CMakeFiles/classic_mceliece_460896_clean.dir/pqclean_mceliece460896_clean/benes.c.o
[ 12%] Building C object src/kem/classic_mceliece/CMakeFiles/classic_mceliece_460896_clean.dir/pqclean_mceliece460896_clean/bm.c.o
[ 12%] Building C object src/kem/classic_mceliece/CMakeFiles/classic_mceliece_6688128_clean.dir/pqclean_mceliece6688128_clean/aes256ctr.c.o
[ 12%] Building C object src/kem/classic_mceliece/CMakeFiles/classic_mceliece_348864f_clean.dir/pqclean_mceliece348864f_clean/crypto_uint64.c.o
[ 13%] Building C object src/kem/classic_mceliece/CMakeFiles/classic_mceliece_460896f_clean.dir/pqclean_mceliece460896f_clean/benes.c.o
[ 13%] Building C object src/kem/classic_mceliece/CMakeFiles/classic_mceliece_6688128_clean.dir/pqclean_mceliece6688128_clean/benes.c.o
[ 14%] Building C object src/kem/classic_mceliece/CMakeFiles/classic_mceliece_6688128f_clean.dir/kem_classic_mceliece_6688128f.c.o
[ 14%] Building C object src/kem/classic_mceliece/CMakeFiles/classic_mceliece_348864f_clean.dir/pqclean_mceliece348864f_clean/decrypt.c.o
[ 14%] Building C object src/sig/slh_dsa/CMakeFiles/slh_dsa_c.dir/wrappers/prehash_sha2_224/slh_dsa_sha2_224_prehash_shake_192f.c.o
[ 14%] Building C object src/kem/classic_mceliece/CMakeFiles/classic_mceliece_6688128_clean.dir/pqclean_mceliece6688128_clean/bm.c.o
[ 14%] Building C object src/kem/classic_mceliece/CMakeFiles/classic_mceliece_348864_clean.dir/pqclean_mceliece348864_clean/operations.c.o
[ 14%] Building C object src/kem/classic_mceliece/CMakeFiles/classic_mceliece_348864f_clean.dir/pqclean_mceliece348864f_clean/encrypt.c.o
[ 14%] Building C object src/kem/classic_mceliece/CMakeFiles/classic_mceliece_6688128f_clean.dir/pqclean_mceliece6688128f_clean/aes256ctr.c.o
[ 15%] Building C object src/sig/slh_dsa/CMakeFiles/slh_dsa_c.dir/wrappers/prehash_sha2_224/slh_dsa_sha2_224_prehash_shake_192s.c.o
[ 15%] Building C object src/kem/classic_mceliece/CMakeFiles/classic_mceliece_6960119_clean.dir/kem_classic_mceliece_6960119.c.o
[ 15%] Building C object src/kem/classic_mceliece/CMakeFiles/classic_mceliece_6688128f_clean.dir/pqclean_mceliece6688128f_clean/benes.c.o
[ 15%] Building C object src/kem/classic_mceliece/CMakeFiles/classic_mceliece_348864_clean.dir/pqclean_mceliece348864_clean/pk_gen.c.o
[ 15%] Building C object src/kem/classic_mceliece/CMakeFiles/classic_mceliece_348864f_clean.dir/pqclean_mceliece348864f_clean/gf.c.o
[ 15%] Building C object src/sig/slh_dsa/CMakeFiles/slh_dsa_c.dir/wrappers/prehash_sha2_224/slh_dsa_sha2_224_prehash_shake_256f.c.o
[ 15%] Building C object src/kem/classic_mceliece/CMakeFiles/classic_mceliece_6960119_clean.dir/pqclean_mceliece6960119_clean/aes256ctr.c.o
[ 15%] Building C object src/sig/slh_dsa/CMakeFiles/slh_dsa_c.dir/wrappers/prehash_sha2_224/slh_dsa_sha2_224_prehash_shake_256s.c.o
[ 15%] Building C object src/kem/classic_mceliece/CMakeFiles/classic_mceliece_6960119_clean.dir/pqclean_mceliece6960119_clean/benes.c.o
[ 15%] Building C object src/kem/ntru/CMakeFiles/ntru_hps2048509_clean.dir/pqclean_ntruhps2048509_clean/poly_s3_inv.c.o
[ 15%] Building C object src/kem/classic_mceliece/CMakeFiles/classic_mceliece_348864f_clean.dir/pqclean_mceliece348864f_clean/operations.c.o
[ 15%] Building C object src/kem/classic_mceliece/CMakeFiles/classic_mceliece_348864_clean.dir/pqclean_mceliece348864_clean/root.c.o
[ 15%] Building C object src/kem/classic_mceliece/CMakeFiles/classic_mceliece_460896_clean.dir/pqclean_mceliece460896_clean/controlbits.c.o
[ 15%] Building C object src/kem/classic_mceliece/CMakeFiles/classic_mceliece_460896f_clean.dir/pqclean_mceliece460896f_clean/bm.c.o
[ 15%] Building C object src/sig/slh_dsa/CMakeFiles/slh_dsa_c.dir/wrappers/prehash_sha2_256/slh_dsa_sha2_256_prehash_sha2_128f.c.o
[ 16%] Building C object src/kem/frodokem/CMakeFiles/frodokem.dir/external/frodo/frodo1344aes.c.o
[ 16%] Building C object src/kem/classic_mceliece/CMakeFiles/classic_mceliece_6688128_clean.dir/pqclean_mceliece6688128_clean/controlbits.c.o
[ 16%] Building C object src/kem/classic_mceliece/CMakeFiles/classic_mceliece_348864f_clean.dir/pqclean_mceliece348864f_clean/pk_gen.c.o
[ 16%] Building C object src/kem/classic_mceliece/CMakeFiles/classic_mceliece_348864_clean.dir/pqclean_mceliece348864_clean/sk_gen.c.o
[ 16%] Building C object src/kem/classic_mceliece/CMakeFiles/classic_mceliece_460896f_clean.dir/pqclean_mceliece460896f_clean/controlbits.c.o
[ 16%] Building C object src/kem/ntru/CMakeFiles/ntru_hps2048509_clean.dir/pqclean_ntruhps2048509_clean/sample.c.o
[ 16%] Building C object src/sig/slh_dsa/CMakeFiles/slh_dsa_c.dir/wrappers/prehash_sha2_256/slh_dsa_sha2_256_prehash_sha2_128s.c.o
[ 16%] Building C object src/kem/classic_mceliece/CMakeFiles/classic_mceliece_348864_clean.dir/pqclean_mceliece348864_clean/synd.c.o
[ 16%] Building C object src/kem/classic_mceliece/CMakeFiles/classic_mceliece_348864_clean.dir/pqclean_mceliece348864_clean/transpose.c.o
[ 16%] Building C object src/kem/ntru/CMakeFiles/ntru_hps2048509_clean.dir/pqclean_ntruhps2048509_clean/sample_iid.c.o
[ 16%] Building C object src/kem/classic_mceliece/CMakeFiles/classic_mceliece_6688128f_clean.dir/pqclean_mceliece6688128f_clean/bm.c.o
[ 16%] Building C object src/sig/slh_dsa/CMakeFiles/slh_dsa_c.dir/wrappers/prehash_sha2_256/slh_dsa_sha2_256_prehash_sha2_192f.c.o
[ 16%] Building C object src/kem/classic_mceliece/CMakeFiles/classic_mceliece_348864_clean.dir/pqclean_mceliece348864_clean/util.c.o
[ 16%] Built target ntru_hps2048509_clean
[ 16%] Building C object src/kem/classic_mceliece/CMakeFiles/classic_mceliece_460896f_clean.dir/pqclean_mceliece460896f_clean/crypto_int16.c.o
[ 16%] Building C object src/kem/classic_mceliece/CMakeFiles/classic_mceliece_6688128f_clean.dir/pqclean_mceliece6688128f_clean/controlbits.c.o
[ 16%] Building C object src/sig/slh_dsa/CMakeFiles/slh_dsa_c.dir/wrappers/prehash_sha2_256/slh_dsa_sha2_256_prehash_sha2_192s.c.o
[ 16%] Built target classic_mceliece_348864_clean
[ 16%] Building C object src/sig/slh_dsa/CMakeFiles/slh_dsa_c.dir/wrappers/prehash_sha2_256/slh_dsa_sha2_256_prehash_sha2_256f.c.o
[ 16%] Building C object src/kem/classic_mceliece/CMakeFiles/classic_mceliece_6688128f_clean.dir/pqclean_mceliece6688128f_clean/crypto_int16.c.o
[ 16%] Building C object src/kem/classic_mceliece/CMakeFiles/classic_mceliece_6960119_clean.dir/pqclean_mceliece6960119_clean/bm.c.o
[ 16%] Building C object src/kem/classic_mceliece/CMakeFiles/classic_mceliece_348864f_clean.dir/pqclean_mceliece348864f_clean/root.c.o
[ 16%] Building C object src/kem/classic_mceliece/CMakeFiles/classic_mceliece_348864f_clean.dir/pqclean_mceliece348864f_clean/sk_gen.c.o
[ 16%] Building C object src/kem/classic_mceliece/CMakeFiles/classic_mceliece_460896_clean.dir/pqclean_mceliece460896_clean/crypto_int16.c.o
[ 16%] Building C object src/sig/slh_dsa/CMakeFiles/slh_dsa_c.dir/wrappers/prehash_sha2_256/slh_dsa_sha2_256_prehash_sha2_256s.c.o
[ 16%] Building C object src/kem/classic_mceliece/CMakeFiles/classic_mceliece_460896_clean.dir/pqclean_mceliece460896_clean/crypto_int32.c.o
[ 16%] Building C object src/kem/classic_mceliece/CMakeFiles/classic_mceliece_6960119_clean.dir/pqclean_mceliece6960119_clean/controlbits.c.o
[ 17%] Building C object src/kem/classic_mceliece/CMakeFiles/classic_mceliece_348864f_clean.dir/pqclean_mceliece348864f_clean/synd.c.o
[ 17%] Building C object src/kem/frodokem/CMakeFiles/frodokem.dir/kem_frodokem1344shake.c.o
[ 17%] Building C object src/kem/classic_mceliece/CMakeFiles/classic_mceliece_348864f_clean.dir/pqclean_mceliece348864f_clean/transpose.c.o
[ 17%] Building C object src/sig/slh_dsa/CMakeFiles/slh_dsa_c.dir/wrappers/prehash_sha2_256/slh_dsa_sha2_256_prehash_shake_128f.c.o
[ 17%] Building C object src/kem/classic_mceliece/CMakeFiles/classic_mceliece_6960119f_clean.dir/kem_classic_mceliece_6960119f.c.o
[ 17%] Building C object src/kem/classic_mceliece/CMakeFiles/classic_mceliece_6960119f_clean.dir/pqclean_mceliece6960119f_clean/aes256ctr.c.o
[ 17%] Building C object src/kem/classic_mceliece/CMakeFiles/classic_mceliece_460896_clean.dir/pqclean_mceliece460896_clean/crypto_uint16.c.o
[ 17%] Building C object src/kem/classic_mceliece/CMakeFiles/classic_mceliece_348864f_clean.dir/pqclean_mceliece348864f_clean/util.c.o
[ 17%] Building C object src/kem/classic_mceliece/CMakeFiles/classic_mceliece_6688128_clean.dir/pqclean_mceliece6688128_clean/crypto_int16.c.o
[ 17%] Building C object src/common/CMakeFiles/common.dir/sha2/sha2.c.o
[ 17%] Building C object src/kem/classic_mceliece/CMakeFiles/classic_mceliece_460896_clean.dir/pqclean_mceliece460896_clean/crypto_uint32.c.o
[ 17%] Built target classic_mceliece_348864f_clean
[ 17%] Building C object src/sig/slh_dsa/CMakeFiles/slh_dsa_c.dir/wrappers/prehash_sha2_256/slh_dsa_sha2_256_prehash_shake_128s.c.o
[ 17%] Building C object src/kem/classic_mceliece/CMakeFiles/classic_mceliece_6688128_clean.dir/pqclean_mceliece6688128_clean/crypto_int32.c.o
[ 17%] Building C object src/kem/classic_mceliece/CMakeFiles/classic_mceliece_460896_clean.dir/pqclean_mceliece460896_clean/crypto_uint64.c.o
[ 17%] Building C object src/kem/classic_mceliece/CMakeFiles/classic_mceliece_6960119f_clean.dir/pqclean_mceliece6960119f_clean/benes.c.o
[ 17%] Building C object src/kem/classic_mceliece/CMakeFiles/classic_mceliece_460896f_clean.dir/pqclean_mceliece460896f_clean/crypto_int32.c.o
[ 17%] Building C object src/kem/frodokem/CMakeFiles/frodokem.dir/external/frodo/frodo1344shake.c.o
[ 17%] Building C object src/kem/classic_mceliece/CMakeFiles/classic_mceliece_6688128_clean.dir/pqclean_mceliece6688128_clean/crypto_uint16.c.o
[ 18%] Building C object src/kem/classic_mceliece/CMakeFiles/classic_mceliece_6688128_clean.dir/pqclean_mceliece6688128_clean/crypto_uint32.c.o
[ 19%] Building C object src/kem/classic_mceliece/CMakeFiles/classic_mceliece_460896_clean.dir/pqclean_mceliece460896_clean/decrypt.c.o
[ 19%] Building C object src/kem/classic_mceliece/CMakeFiles/classic_mceliece_8192128_clean.dir/kem_classic_mceliece_8192128.c.o
[ 19%] Building C object src/kem/classic_mceliece/CMakeFiles/classic_mceliece_460896f_clean.dir/pqclean_mceliece460896f_clean/crypto_uint16.c.o
[ 19%] Building C object src/sig/slh_dsa/CMakeFiles/slh_dsa_c.dir/wrappers/prehash_sha2_256/slh_dsa_sha2_256_prehash_shake_192f.c.o
[ 19%] Building C object src/kem/classic_mceliece/CMakeFiles/classic_mceliece_460896_clean.dir/pqclean_mceliece460896_clean/encrypt.c.o
[ 19%] Building C object src/kem/classic_mceliece/CMakeFiles/classic_mceliece_6688128_clean.dir/pqclean_mceliece6688128_clean/crypto_uint64.c.o
[ 19%] Building C object src/kem/classic_mceliece/CMakeFiles/classic_mceliece_460896_clean.dir/pqclean_mceliece460896_clean/gf.c.o
[ 19%] Building C object src/kem/classic_mceliece/CMakeFiles/classic_mceliece_460896f_clean.dir/pqclean_mceliece460896f_clean/crypto_uint32.c.o
[ 19%] Building C object src/kem/classic_mceliece/CMakeFiles/classic_mceliece_8192128_clean.dir/pqclean_mceliece8192128_clean/aes256ctr.c.o
[ 19%] Building C object src/kem/classic_mceliece/CMakeFiles/classic_mceliece_6688128f_clean.dir/pqclean_mceliece6688128f_clean/crypto_int32.c.o
[ 20%] Building C object src/kem/classic_mceliece/CMakeFiles/classic_mceliece_6688128_clean.dir/pqclean_mceliece6688128_clean/decrypt.c.o
[ 20%] Building C object src/sig/slh_dsa/CMakeFiles/slh_dsa_c.dir/wrappers/prehash_sha2_256/slh_dsa_sha2_256_prehash_shake_192s.c.o
[ 20%] Building C object src/kem/classic_mceliece/CMakeFiles/classic_mceliece_8192128_clean.dir/pqclean_mceliece8192128_clean/benes.c.o
[ 20%] Building C object src/sig/slh_dsa/CMakeFiles/slh_dsa_c.dir/wrappers/prehash_sha2_256/slh_dsa_sha2_256_prehash_shake_256f.c.o
[ 20%] Building C object src/kem/classic_mceliece/CMakeFiles/classic_mceliece_460896f_clean.dir/pqclean_mceliece460896f_clean/crypto_uint64.c.o
[ 20%] Building C object src/kem/classic_mceliece/CMakeFiles/classic_mceliece_6688128f_clean.dir/pqclean_mceliece6688128f_clean/crypto_uint16.c.o
[ 20%] Building C object src/kem/classic_mceliece/CMakeFiles/classic_mceliece_6688128_clean.dir/pqclean_mceliece6688128_clean/encrypt.c.o
[ 20%] Building C object src/kem/classic_mceliece/CMakeFiles/classic_mceliece_460896f_clean.dir/pqclean_mceliece460896f_clean/decrypt.c.o
[ 20%] Building C object src/kem/classic_mceliece/CMakeFiles/classic_mceliece_6688128f_clean.dir/pqclean_mceliece6688128f_clean/crypto_uint32.c.o
[ 20%] Building C object src/kem/classic_mceliece/CMakeFiles/classic_mceliece_460896_clean.dir/pqclean_mceliece460896_clean/operations.c.o
[ 20%] Building C object src/kem/classic_mceliece/CMakeFiles/classic_mceliece_6960119f_clean.dir/pqclean_mceliece6960119f_clean/bm.c.o
[ 20%] Building C object src/sig/slh_dsa/CMakeFiles/slh_dsa_c.dir/wrappers/prehash_sha2_256/slh_dsa_sha2_256_prehash_shake_256s.c.o
[ 20%] Building C object src/kem/classic_mceliece/CMakeFiles/classic_mceliece_460896f_clean.dir/pqclean_mceliece460896f_clean/encrypt.c.o
[ 20%] Building C object src/kem/classic_mceliece/CMakeFiles/classic_mceliece_6688128f_clean.dir/pqclean_mceliece6688128f_clean/crypto_uint64.c.o
[ 20%] Building C object src/kem/classic_mceliece/CMakeFiles/classic_mceliece_6688128_clean.dir/pqclean_mceliece6688128_clean/gf.c.o
[ 20%] Building C object src/kem/classic_mceliece/CMakeFiles/classic_mceliece_460896_clean.dir/pqclean_mceliece460896_clean/pk_gen.c.o
[ 20%] Building C object src/kem/classic_mceliece/CMakeFiles/classic_mceliece_6688128f_clean.dir/pqclean_mceliece6688128f_clean/decrypt.c.o
[ 20%] Building C object src/kem/classic_mceliece/CMakeFiles/classic_mceliece_8192128f_clean.dir/kem_classic_mceliece_8192128f.c.o
[ 21%] Building C object src/kem/classic_mceliece/CMakeFiles/classic_mceliece_6960119_clean.dir/pqclean_mceliece6960119_clean/crypto_int16.c.o
[ 21%] Building C object src/sig/slh_dsa/CMakeFiles/slh_dsa_c.dir/wrappers/prehash_sha2_384/slh_dsa_sha2_384_prehash_sha2_128f.c.o
[ 21%] Building C object src/kem/classic_mceliece/CMakeFiles/classic_mceliece_460896f_clean.dir/pqclean_mceliece460896f_clean/gf.c.o
[ 21%] Building C object src/kem/classic_mceliece/CMakeFiles/classic_mceliece_6960119f_clean.dir/pqclean_mceliece6960119f_clean/controlbits.c.o
[ 21%] Building C object src/kem/classic_mceliece/CMakeFiles/classic_mceliece_6688128f_clean.dir/pqclean_mceliece6688128f_clean/encrypt.c.o
[ 21%] Building C object src/kem/classic_mceliece/CMakeFiles/classic_mceliece_6960119_clean.dir/pqclean_mceliece6960119_clean/crypto_int32.c.o
[ 21%] Building C object src/kem/classic_mceliece/CMakeFiles/classic_mceliece_8192128f_clean.dir/pqclean_mceliece8192128f_clean/aes256ctr.c.o
[ 21%] Building C object src/sig/slh_dsa/CMakeFiles/slh_dsa_c.dir/wrappers/prehash_sha2_384/slh_dsa_sha2_384_prehash_sha2_128s.c.o
[ 21%] Building C object src/kem/classic_mceliece/CMakeFiles/classic_mceliece_6960119_clean.dir/pqclean_mceliece6960119_clean/crypto_uint16.c.o
[ 21%] Building C object src/kem/classic_mceliece/CMakeFiles/classic_mceliece_6688128_clean.dir/pqclean_mceliece6688128_clean/operations.c.o
[ 21%] Building C object src/kem/classic_mceliece/CMakeFiles/classic_mceliece_8192128f_clean.dir/pqclean_mceliece8192128f_clean/benes.c.o
[ 21%] Building C object src/kem/classic_mceliece/CMakeFiles/classic_mceliece_6688128f_clean.dir/pqclean_mceliece6688128f_clean/gf.c.o
[ 21%] Building C object src/kem/classic_mceliece/CMakeFiles/classic_mceliece_460896_clean.dir/pqclean_mceliece460896_clean/root.c.o
[ 21%] Building C object src/kem/classic_mceliece/CMakeFiles/classic_mceliece_6960119_clean.dir/pqclean_mceliece6960119_clean/crypto_uint32.c.o
[ 21%] Building C object src/kem/classic_mceliece/CMakeFiles/classic_mceliece_460896f_clean.dir/pqclean_mceliece460896f_clean/operations.c.o
[ 21%] Building C object src/sig/slh_dsa/CMakeFiles/slh_dsa_c.dir/wrappers/prehash_sha2_384/slh_dsa_sha2_384_prehash_sha2_192f.c.o
[ 21%] Building C object src/kem/frodokem/CMakeFiles/frodokem.dir/kem_efrodokem640aes.c.o
[ 21%] Building C object src/kem/classic_mceliece/CMakeFiles/classic_mceliece_6688128_clean.dir/pqclean_mceliece6688128_clean/pk_gen.c.o
[ 21%] Building C object src/kem/classic_mceliece/CMakeFiles/classic_mceliece_460896_clean.dir/pqclean_mceliece460896_clean/sk_gen.c.o
[ 22%] Building C object src/kem/classic_mceliece/CMakeFiles/classic_mceliece_8192128_clean.dir/pqclean_mceliece8192128_clean/bm.c.o
[ 22%] Building C object src/kem/classic_mceliece/CMakeFiles/classic_mceliece_6960119_clean.dir/pqclean_mceliece6960119_clean/crypto_uint64.c.o
[ 22%] Building C object src/kem/frodokem/CMakeFiles/frodokem.dir/external/efrodo/efrodo640aes.c.o
[ 22%] Building C object src/kem/classic_mceliece/CMakeFiles/classic_mceliece_460896f_clean.dir/pqclean_mceliece460896f_clean/pk_gen.c.o
[ 22%] Building C object src/kem/classic_mceliece/CMakeFiles/classic_mceliece_6960119_clean.dir/pqclean_mceliece6960119_clean/decrypt.c.o
[ 22%] Building C object src/common/CMakeFiles/common.dir/sha3/xkcp_sha3.c.o
[ 22%] Building C object src/kem/classic_mceliece/CMakeFiles/classic_mceliece_460896_clean.dir/pqclean_mceliece460896_clean/synd.c.o
[ 22%] Building C object src/sig/slh_dsa/CMakeFiles/slh_dsa_c.dir/wrappers/prehash_sha2_384/slh_dsa_sha2_384_prehash_sha2_192s.c.o
[ 22%] Building C object src/kem/classic_mceliece/CMakeFiles/classic_mceliece_8192128_clean.dir/pqclean_mceliece8192128_clean/controlbits.c.o
[ 23%] Building C object src/kem/classic_mceliece/CMakeFiles/classic_mceliece_6688128f_clean.dir/pqclean_mceliece6688128f_clean/operations.c.o
[ 23%] Building C object src/kem/classic_mceliece/CMakeFiles/classic_mceliece_460896_clean.dir/pqclean_mceliece460896_clean/transpose.c.o
[ 23%] Building C object src/kem/classic_mceliece/CMakeFiles/classic_mceliece_6960119_clean.dir/pqclean_mceliece6960119_clean/encrypt.c.o
[ 23%] Building C object src/sig/slh_dsa/CMakeFiles/slh_dsa_c.dir/wrappers/prehash_sha2_384/slh_dsa_sha2_384_prehash_sha2_256f.c.o
[ 23%] Building C object src/kem/classic_mceliece/CMakeFiles/classic_mceliece_6688128f_clean.dir/pqclean_mceliece6688128f_clean/pk_gen.c.o
[ 23%] Building C object src/kem/classic_mceliece/CMakeFiles/classic_mceliece_6688128_clean.dir/pqclean_mceliece6688128_clean/root.c.o
[ 23%] Building C object src/kem/classic_mceliece/CMakeFiles/classic_mceliece_460896_clean.dir/pqclean_mceliece460896_clean/util.c.o
[ 23%] Building C object src/kem/classic_mceliece/CMakeFiles/classic_mceliece_6688128_clean.dir/pqclean_mceliece6688128_clean/sk_gen.c.o
[ 23%] Built target classic_mceliece_460896_clean
[ 23%] Building C object src/sig/slh_dsa/CMakeFiles/slh_dsa_c.dir/wrappers/prehash_sha2_384/slh_dsa_sha2_384_prehash_sha2_256s.c.o
[ 23%] Building C object src/sig/slh_dsa/CMakeFiles/slh_dsa_c.dir/wrappers/prehash_sha2_384/slh_dsa_sha2_384_prehash_shake_128f.c.o
[ 23%] Building C object src/kem/classic_mceliece/CMakeFiles/classic_mceliece_6960119_clean.dir/pqclean_mceliece6960119_clean/gf.c.o
[ 23%] Building C object src/common/CMakeFiles/common.dir/sha3/xkcp_sha3x4.c.o
[ 23%] Building C object src/kem/classic_mceliece/CMakeFiles/classic_mceliece_8192128f_clean.dir/pqclean_mceliece8192128f_clean/bm.c.o
[ 23%] Building C object src/kem/classic_mceliece/CMakeFiles/classic_mceliece_6688128_clean.dir/pqclean_mceliece6688128_clean/synd.c.o
[ 23%] Building C object src/kem/classic_mceliece/CMakeFiles/classic_mceliece_6960119f_clean.dir/pqclean_mceliece6960119f_clean/crypto_int16.c.o
[ 24%] Building C object src/kem/classic_mceliece/CMakeFiles/classic_mceliece_460896f_clean.dir/pqclean_mceliece460896f_clean/root.c.o
[ 24%] Building C object src/sig/slh_dsa/CMakeFiles/slh_dsa_c.dir/wrappers/prehash_sha2_384/slh_dsa_sha2_384_prehash_shake_128s.c.o
[ 24%] Building C object src/kem/classic_mceliece/CMakeFiles/classic_mceliece_6960119_clean.dir/pqclean_mceliece6960119_clean/operations.c.o
[ 24%] Building C object src/kem/classic_mceliece/CMakeFiles/classic_mceliece_6688128_clean.dir/pqclean_mceliece6688128_clean/transpose.c.o
[ 24%] Building C object src/kem/classic_mceliece/CMakeFiles/classic_mceliece_460896f_clean.dir/pqclean_mceliece460896f_clean/sk_gen.c.o
[ 24%] Building C object src/kem/classic_mceliece/CMakeFiles/classic_mceliece_8192128f_clean.dir/pqclean_mceliece8192128f_clean/controlbits.c.o
[ 24%] Building C object src/kem/classic_mceliece/CMakeFiles/classic_mceliece_6960119f_clean.dir/pqclean_mceliece6960119f_clean/crypto_int32.c.o
[ 24%] Building C object src/common/CMakeFiles/common.dir/sha3/sha3.c.o
[ 24%] Building C object src/kem/classic_mceliece/CMakeFiles/classic_mceliece_6688128_clean.dir/pqclean_mceliece6688128_clean/util.c.o
[ 24%] Building C object src/sig/slh_dsa/CMakeFiles/slh_dsa_c.dir/wrappers/prehash_sha2_384/slh_dsa_sha2_384_prehash_shake_192f.c.o
[ 24%] Building C object src/kem/classic_mceliece/CMakeFiles/classic_mceliece_6960119f_clean.dir/pqclean_mceliece6960119f_clean/crypto_uint16.c.o
[ 24%] Building C object src/kem/classic_mceliece/CMakeFiles/classic_mceliece_460896f_clean.dir/pqclean_mceliece460896f_clean/synd.c.o
[ 24%] Building C object src/kem/classic_mceliece/CMakeFiles/classic_mceliece_6960119_clean.dir/pqclean_mceliece6960119_clean/pk_gen.c.o
[ 24%] Building C object src/kem/classic_mceliece/CMakeFiles/classic_mceliece_6688128f_clean.dir/pqclean_mceliece6688128f_clean/root.c.o
[ 24%] Building C object src/kem/kyber/CMakeFiles/kyber_512_ref.dir/kem_kyber_512.c.o
[ 24%] Built target classic_mceliece_6688128_clean
[ 24%] Building C object src/kem/classic_mceliece/CMakeFiles/classic_mceliece_460896f_clean.dir/pqclean_mceliece460896f_clean/transpose.c.o
[ 24%] Building C object src/kem/classic_mceliece/CMakeFiles/classic_mceliece_460896f_clean.dir/pqclean_mceliece460896f_clean/util.c.o
[ 24%] Building C object src/kem/classic_mceliece/CMakeFiles/classic_mceliece_6960119f_clean.dir/pqclean_mceliece6960119f_clean/crypto_uint32.c.o
[ 24%] Building C object src/kem/classic_mceliece/CMakeFiles/classic_mceliece_6688128f_clean.dir/pqclean_mceliece6688128f_clean/sk_gen.c.o
[ 24%] Building C object src/sig/slh_dsa/CMakeFiles/slh_dsa_c.dir/wrappers/prehash_sha2_384/slh_dsa_sha2_384_prehash_shake_192s.c.o
[ 24%] Building C object src/common/CMakeFiles/common.dir/sha3/sha3x4.c.o
[ 25%] Building C object src/kem/kyber/CMakeFiles/kyber_512_ref.dir/pqcrystals-kyber_kyber512_ref/cbd.c.o
[ 25%] Building C object src/kem/classic_mceliece/CMakeFiles/classic_mceliece_8192128_clean.dir/pqclean_mceliece8192128_clean/crypto_int16.c.o
[ 25%] Built target classic_mceliece_460896f_clean
[ 25%] Building C object src/kem/classic_mceliece/CMakeFiles/classic_mceliece_6960119f_clean.dir/pqclean_mceliece6960119f_clean/crypto_uint64.c.o
[ 25%] Building C object src/common/CMakeFiles/common.dir/common.c.o
[ 25%] Building C object src/kem/classic_mceliece/CMakeFiles/classic_mceliece_8192128f_clean.dir/pqclean_mceliece8192128f_clean/crypto_int16.c.o
[ 25%] Building C object src/kem/classic_mceliece/CMakeFiles/classic_mceliece_6688128f_clean.dir/pqclean_mceliece6688128f_clean/synd.c.o
[ 25%] Building C object src/kem/classic_mceliece/CMakeFiles/classic_mceliece_8192128_clean.dir/pqclean_mceliece8192128_clean/crypto_int32.c.o
[ 26%] Building C object src/sig/slh_dsa/CMakeFiles/slh_dsa_c.dir/wrappers/prehash_sha2_384/slh_dsa_sha2_384_prehash_shake_256f.c.o
[ 26%] Building C object src/kem/classic_mceliece/CMakeFiles/classic_mceliece_8192128_clean.dir/pqclean_mceliece8192128_clean/crypto_uint16.c.o
[ 27%] Building C object src/kem/classic_mceliece/CMakeFiles/classic_mceliece_6960119f_clean.dir/pqclean_mceliece6960119f_clean/decrypt.c.o
[ 27%] Building C object src/kem/kyber/CMakeFiles/kyber_512_ref.dir/pqcrystals-kyber_kyber512_ref/indcpa.c.o
[ 27%] Building C object src/kem/classic_mceliece/CMakeFiles/classic_mceliece_8192128f_clean.dir/pqclean_mceliece8192128f_clean/crypto_int32.c.o
[ 27%] Building C object src/kem/frodokem/CMakeFiles/frodokem.dir/kem_efrodokem640shake.c.o
[ 27%] Building C object src/kem/classic_mceliece/CMakeFiles/classic_mceliece_6688128f_clean.dir/pqclean_mceliece6688128f_clean/transpose.c.o
[ 27%] Building C object src/sig/slh_dsa/CMakeFiles/slh_dsa_c.dir/wrappers/prehash_sha2_384/slh_dsa_sha2_384_prehash_shake_256s.c.o
[ 27%] Building C object src/common/CMakeFiles/common.dir/pqclean_shims/fips202.c.o
[ 27%] Building C object src/kem/classic_mceliece/CMakeFiles/classic_mceliece_6960119_clean.dir/pqclean_mceliece6960119_clean/root.c.o
[ 27%] Building C object src/kem/classic_mceliece/CMakeFiles/classic_mceliece_8192128_clean.dir/pqclean_mceliece8192128_clean/crypto_uint32.c.o
[ 27%] Building C object src/kem/classic_mceliece/CMakeFiles/classic_mceliece_6960119_clean.dir/pqclean_mceliece6960119_clean/sk_gen.c.o
[ 27%] Building C object src/kem/classic_mceliece/CMakeFiles/classic_mceliece_6960119f_clean.dir/pqclean_mceliece6960119f_clean/encrypt.c.o
[ 27%] Building C object src/kem/classic_mceliece/CMakeFiles/classic_mceliece_6688128f_clean.dir/pqclean_mceliece6688128f_clean/util.c.o
[ 27%] Building C object src/common/CMakeFiles/common.dir/pqclean_shims/fips202x4.c.o
[ 28%] Building C object src/common/CMakeFiles/common.dir/rand/rand.c.o
[ 28%] Building C object src/kem/kyber/CMakeFiles/kyber_768_ref.dir/kem_kyber_768.c.o
[ 28%] Building C object src/kem/frodokem/CMakeFiles/frodokem.dir/external/efrodo/efrodo640shake.c.o
[ 28%] Building C object src/kem/classic_mceliece/CMakeFiles/classic_mceliece_8192128_clean.dir/pqclean_mceliece8192128_clean/crypto_uint64.c.o
[ 28%] Building C object src/kem/kyber/CMakeFiles/kyber_512_ref.dir/pqcrystals-kyber_kyber512_ref/kem.c.o
[ 28%] Building C object src/sig/slh_dsa/CMakeFiles/slh_dsa_c.dir/wrappers/prehash_sha2_512/slh_dsa_sha2_512_prehash_sha2_128f.c.o
[ 28%] Built target classic_mceliece_6688128f_clean
[ 28%] Building C object src/kem/classic_mceliece/CMakeFiles/classic_mceliece_6960119_clean.dir/pqclean_mceliece6960119_clean/synd.c.o
[ 29%] Building C object src/kem/classic_mceliece/CMakeFiles/classic_mceliece_6960119_clean.dir/pqclean_mceliece6960119_clean/transpose.c.o
[ 29%] Building C object src/kem/classic_mceliece/CMakeFiles/classic_mceliece_8192128_clean.dir/pqclean_mceliece8192128_clean/decrypt.c.o
[ 29%] Building C object src/kem/kyber/CMakeFiles/kyber_768_ref.dir/pqcrystals-kyber_kyber768_ref/cbd.c.o
[ 29%] Building C object src/kem/classic_mceliece/CMakeFiles/classic_mceliece_8192128f_clean.dir/pqclean_mceliece8192128f_clean/crypto_uint16.c.o
[ 29%] Built target common
[ 29%] Building C object src/kem/kyber/CMakeFiles/kyber_512_ref.dir/pqcrystals-kyber_kyber512_ref/ntt.c.o
[ 29%] Building C object src/kem/classic_mceliece/CMakeFiles/classic_mceliece_6960119f_clean.dir/pqclean_mceliece6960119f_clean/gf.c.o
[ 29%] Building C object src/kem/kyber/CMakeFiles/kyber_768_ref.dir/pqcrystals-kyber_kyber768_ref/indcpa.c.o
[ 29%] Building C object src/kem/classic_mceliece/CMakeFiles/classic_mceliece_8192128_clean.dir/pqclean_mceliece8192128_clean/encrypt.c.o
[ 29%] Building C object src/sig/slh_dsa/CMakeFiles/slh_dsa_c.dir/wrappers/prehash_sha2_512/slh_dsa_sha2_512_prehash_sha2_128s.c.o
[ 29%] Building C object src/kem/classic_mceliece/CMakeFiles/classic_mceliece_6960119_clean.dir/pqclean_mceliece6960119_clean/util.c.o
[ 29%] Building C object src/kem/kyber/CMakeFiles/kyber_1024_ref.dir/kem_kyber_1024.c.o
[ 29%] Building C object src/sig/slh_dsa/CMakeFiles/slh_dsa_c.dir/wrappers/prehash_sha2_512/slh_dsa_sha2_512_prehash_sha2_192f.c.o
[ 29%] Building C object src/kem/kyber/CMakeFiles/kyber_1024_ref.dir/pqcrystals-kyber_kyber1024_ref/cbd.c.o
[ 30%] Building C object src/kem/classic_mceliece/CMakeFiles/classic_mceliece_8192128f_clean.dir/pqclean_mceliece8192128f_clean/crypto_uint32.c.o
[ 30%] Building C object src/kem/kyber/CMakeFiles/kyber_512_ref.dir/pqcrystals-kyber_kyber512_ref/poly.c.o
[ 30%] Built target classic_mceliece_6960119_clean
[ 30%] Building C object src/kem/classic_mceliece/CMakeFiles/classic_mceliece_8192128f_clean.dir/pqclean_mceliece8192128f_clean/crypto_uint64.c.o
[ 30%] Building C object src/kem/frodokem/CMakeFiles/frodokem.dir/kem_efrodokem976aes.c.o
[ 30%] Building C object src/kem/kyber/CMakeFiles/kyber_1024_ref.dir/pqcrystals-kyber_kyber1024_ref/indcpa.c.o
[ 30%] Building C object src/kem/classic_mceliece/CMakeFiles/classic_mceliece_8192128_clean.dir/pqclean_mceliece8192128_clean/gf.c.o
[ 30%] Building C object src/kem/kyber/CMakeFiles/kyber_768_ref.dir/pqcrystals-kyber_kyber768_ref/kem.c.o
[ 30%] Building C object src/sig/slh_dsa/CMakeFiles/slh_dsa_c.dir/wrappers/prehash_sha2_512/slh_dsa_sha2_512_prehash_sha2_192s.c.o
[ 30%] Building C object src/kem/classic_mceliece/CMakeFiles/classic_mceliece_8192128_clean.dir/pqclean_mceliece8192128_clean/operations.c.o
[ 30%] Building C object src/kem/ml_kem/CMakeFiles/ml_kem_512_ref.dir/kem_ml_kem_512.c.o
[ 30%] Building C object src/kem/classic_mceliece/CMakeFiles/classic_mceliece_8192128f_clean.dir/pqclean_mceliece8192128f_clean/decrypt.c.o
[ 30%] Building C object src/kem/classic_mceliece/CMakeFiles/classic_mceliece_8192128_clean.dir/pqclean_mceliece8192128_clean/pk_gen.c.o
[ 31%] Building C object src/kem/kyber/CMakeFiles/kyber_768_ref.dir/pqcrystals-kyber_kyber768_ref/ntt.c.o
[ 31%] Building C object src/kem/classic_mceliece/CMakeFiles/classic_mceliece_6960119f_clean.dir/pqclean_mceliece6960119f_clean/operations.c.o
[ 31%] Building C object src/kem/ml_kem/CMakeFiles/ml_kem_512_ref.dir/mlkem-native_ml-kem-512_ref/mlkem/src/compress.c.o
[ 31%] Building C object src/kem/kyber/CMakeFiles/kyber_512_ref.dir/pqcrystals-kyber_kyber512_ref/polyvec.c.o
[ 31%] Building C object src/kem/classic_mceliece/CMakeFiles/classic_mceliece_8192128f_clean.dir/pqclean_mceliece8192128f_clean/encrypt.c.o
[ 31%] Building C object src/sig/slh_dsa/CMakeFiles/slh_dsa_c.dir/wrappers/prehash_sha2_512/slh_dsa_sha2_512_prehash_sha2_256f.c.o
[ 31%] Building C object src/kem/kyber/CMakeFiles/kyber_1024_ref.dir/pqcrystals-kyber_kyber1024_ref/kem.c.o
[ 31%] Building C object src/kem/kyber/CMakeFiles/kyber_768_ref.dir/pqcrystals-kyber_kyber768_ref/poly.c.o
[ 31%] Building C object src/kem/kyber/CMakeFiles/kyber_1024_ref.dir/pqcrystals-kyber_kyber1024_ref/ntt.c.o
[ 31%] Building C object src/kem/kyber/CMakeFiles/kyber_512_ref.dir/pqcrystals-kyber_kyber512_ref/reduce.c.o
[ 31%] Building C object src/kem/ml_kem/CMakeFiles/ml_kem_768_ref.dir/kem_ml_kem_768.c.o
[ 31%] Building C object src/kem/classic_mceliece/CMakeFiles/classic_mceliece_6960119f_clean.dir/pqclean_mceliece6960119f_clean/pk_gen.c.o
[ 31%] Building C object src/sig/slh_dsa/CMakeFiles/slh_dsa_c.dir/wrappers/prehash_sha2_512/slh_dsa_sha2_512_prehash_sha2_256s.c.o
[ 31%] Building C object src/kem/classic_mceliece/CMakeFiles/classic_mceliece_8192128f_clean.dir/pqclean_mceliece8192128f_clean/gf.c.o
[ 31%] Building C object src/kem/frodokem/CMakeFiles/frodokem.dir/external/efrodo/efrodo976aes.c.o
[ 31%] Building C object src/kem/kyber/CMakeFiles/kyber_512_ref.dir/pqcrystals-kyber_kyber512_ref/symmetric-shake.c.o
[ 31%] Building C object src/kem/classic_mceliece/CMakeFiles/classic_mceliece_8192128_clean.dir/pqclean_mceliece8192128_clean/root.c.o
[ 31%] Building C object src/kem/kyber/CMakeFiles/kyber_1024_ref.dir/pqcrystals-kyber_kyber1024_ref/poly.c.o
[ 31%] Building C object src/kem/ml_kem/CMakeFiles/ml_kem_768_ref.dir/mlkem-native_ml-kem-768_ref/mlkem/src/compress.c.o
[ 31%] Building C object src/kem/kyber/CMakeFiles/kyber_512_ref.dir/pqcrystals-kyber_kyber512_ref/verify.c.o
[ 31%] Building C object src/kem/ml_kem/CMakeFiles/ml_kem_512_ref.dir/mlkem-native_ml-kem-512_ref/mlkem/src/debug.c.o
[ 32%] Building C object src/kem/classic_mceliece/CMakeFiles/classic_mceliece_8192128_clean.dir/pqclean_mceliece8192128_clean/sk_gen.c.o
[ 32%] Building C object src/sig/slh_dsa/CMakeFiles/slh_dsa_c.dir/wrappers/prehash_sha2_512/slh_dsa_sha2_512_prehash_shake_128f.c.o
[ 32%] Building C object src/kem/ml_kem/CMakeFiles/ml_kem_512_ref.dir/mlkem-native_ml-kem-512_ref/mlkem/src/indcpa.c.o
[ 32%] Built target kyber_512_ref
[ 32%] Building C object src/kem/frodokem/CMakeFiles/frodokem.dir/kem_efrodokem976shake.c.o
[ 32%] Building C object src/kem/classic_mceliece/CMakeFiles/classic_mceliece_8192128_clean.dir/pqclean_mceliece8192128_clean/synd.c.o
[ 32%] Building C object src/kem/kyber/CMakeFiles/kyber_768_ref.dir/pqcrystals-kyber_kyber768_ref/polyvec.c.o
[ 32%] Building C object src/kem/classic_mceliece/CMakeFiles/classic_mceliece_8192128f_clean.dir/pqclean_mceliece8192128f_clean/operations.c.o
[ 32%] Building C object src/sig/slh_dsa/CMakeFiles/slh_dsa_c.dir/wrappers/prehash_sha2_512/slh_dsa_sha2_512_prehash_shake_128s.c.o
[ 32%] Building C object src/kem/classic_mceliece/CMakeFiles/classic_mceliece_6960119f_clean.dir/pqclean_mceliece6960119f_clean/root.c.o
[ 32%] Building C object src/kem/classic_mceliece/CMakeFiles/classic_mceliece_8192128_clean.dir/pqclean_mceliece8192128_clean/transpose.c.o
[ 32%] Building C object src/kem/ml_kem/CMakeFiles/ml_kem_768_ref.dir/mlkem-native_ml-kem-768_ref/mlkem/src/debug.c.o
[ 32%] Building C object src/kem/kyber/CMakeFiles/kyber_1024_ref.dir/pqcrystals-kyber_kyber1024_ref/polyvec.c.o
[ 33%] Building C object src/kem/ml_kem/CMakeFiles/ml_kem_512_ref.dir/mlkem-native_ml-kem-512_ref/mlkem/src/kem.c.o
[ 33%] Building C object src/kem/kyber/CMakeFiles/kyber_1024_ref.dir/pqcrystals-kyber_kyber1024_ref/reduce.c.o
[ 33%] Building C object src/kem/kyber/CMakeFiles/kyber_768_ref.dir/pqcrystals-kyber_kyber768_ref/reduce.c.o
[ 33%] Building C object src/kem/classic_mceliece/CMakeFiles/classic_mceliece_8192128f_clean.dir/pqclean_mceliece8192128f_clean/pk_gen.c.o
[ 33%] Building C object src/kem/kyber/CMakeFiles/kyber_1024_ref.dir/pqcrystals-kyber_kyber1024_ref/symmetric-shake.c.o
[ 33%] Building C object src/sig/slh_dsa/CMakeFiles/slh_dsa_c.dir/wrappers/prehash_sha2_512/slh_dsa_sha2_512_prehash_shake_192f.c.o
[ 33%] Building C object src/kem/ml_kem/CMakeFiles/ml_kem_768_ref.dir/mlkem-native_ml-kem-768_ref/mlkem/src/indcpa.c.o
[ 33%] Building C object src/kem/classic_mceliece/CMakeFiles/classic_mceliece_8192128_clean.dir/pqclean_mceliece8192128_clean/util.c.o
[ 33%] Building C object src/kem/kyber/CMakeFiles/kyber_768_ref.dir/pqcrystals-kyber_kyber768_ref/symmetric-shake.c.o
[ 33%] Building C object src/kem/kyber/CMakeFiles/kyber_768_ref.dir/pqcrystals-kyber_kyber768_ref/verify.c.o
[ 33%] Building C object src/kem/ml_kem/CMakeFiles/ml_kem_768_ref.dir/mlkem-native_ml-kem-768_ref/mlkem/src/kem.c.o
[ 33%] Building C object src/kem/classic_mceliece/CMakeFiles/classic_mceliece_6960119f_clean.dir/pqclean_mceliece6960119f_clean/sk_gen.c.o
[ 33%] Building C object src/kem/kyber/CMakeFiles/kyber_1024_ref.dir/pqcrystals-kyber_kyber1024_ref/verify.c.o
[ 33%] Built target classic_mceliece_8192128_clean
[ 33%] Building C object src/kem/frodokem/CMakeFiles/frodokem.dir/external/efrodo/efrodo976shake.c.o
[ 33%] Building C object src/kem/ml_kem/CMakeFiles/ml_kem_512_ref.dir/mlkem-native_ml-kem-512_ref/mlkem/src/poly.c.o
[ 33%] Building C object src/sig/slh_dsa/CMakeFiles/slh_dsa_c.dir/wrappers/prehash_sha2_512/slh_dsa_sha2_512_prehash_shake_192s.c.o
[ 33%] Building C object src/kem/frodokem/CMakeFiles/frodokem.dir/kem_efrodokem1344aes.c.o
[ 33%] Built target kyber_768_ref
[ 33%] Building C object src/kem/ml_kem/CMakeFiles/ml_kem_512_ref.dir/mlkem-native_ml-kem-512_ref/mlkem/src/poly_k.c.o
[ 34%] Building C object src/kem/ml_kem/CMakeFiles/ml_kem_1024_ref.dir/kem_ml_kem_1024.c.o
[ 34%] Building C object src/kem/classic_mceliece/CMakeFiles/classic_mceliece_6960119f_clean.dir/pqclean_mceliece6960119f_clean/synd.c.o
[ 34%] Built target kyber_1024_ref
[ 34%] Building C object src/kem/ml_kem/CMakeFiles/ml_kem_768_ref.dir/mlkem-native_ml-kem-768_ref/mlkem/src/poly.c.o
[ 34%] Building C object src/kem/ml_kem/CMakeFiles/ml_kem_1024_ref.dir/mlkem-native_ml-kem-1024_ref/mlkem/src/compress.c.o
[ 34%] Building C object src/kem/classic_mceliece/CMakeFiles/classic_mceliece_8192128f_clean.dir/pqclean_mceliece8192128f_clean/root.c.o
[ 35%] Building C object src/sig/slh_dsa/CMakeFiles/slh_dsa_c.dir/wrappers/prehash_sha2_512/slh_dsa_sha2_512_prehash_shake_256f.c.o
[ 35%] Building C object src/kem/classic_mceliece/CMakeFiles/classic_mceliece_6960119f_clean.dir/pqclean_mceliece6960119f_clean/transpose.c.o
[ 35%] Building C object src/kem/classic_mceliece/CMakeFiles/classic_mceliece_6960119f_clean.dir/pqclean_mceliece6960119f_clean/util.c.o
[ 35%] Building C object src/kem/classic_mceliece/CMakeFiles/classic_mceliece_8192128f_clean.dir/pqclean_mceliece8192128f_clean/sk_gen.c.o
[ 35%] Building C object src/kem/ml_kem/CMakeFiles/ml_kem_512_ref.dir/mlkem-native_ml-kem-512_ref/mlkem/src/sampling.c.o
[ 35%] Building C object src/kem/ml_kem/CMakeFiles/ml_kem_768_ref.dir/mlkem-native_ml-kem-768_ref/mlkem/src/poly_k.c.o
[ 35%] Building C object src/sig/slh_dsa/CMakeFiles/slh_dsa_c.dir/wrappers/prehash_sha2_512_224/slh_dsa_sha2_512_224_prehash_sha2_128f.c.o
[ 35%] Building C object src/sig/slh_dsa/CMakeFiles/slh_dsa_c.dir/wrappers/prehash_sha2_512/slh_dsa_sha2_512_prehash_shake_256s.c.o
[ 35%] Built target classic_mceliece_6960119f_clean
[ 35%] Building C object src/sig/slh_dsa/CMakeFiles/slh_dsa_c.dir/wrappers/prehash_sha2_512_224/slh_dsa_sha2_512_224_prehash_sha2_128s.c.o
[ 35%] Building C object src/kem/ml_kem/CMakeFiles/ml_kem_1024_ref.dir/mlkem-native_ml-kem-1024_ref/mlkem/src/debug.c.o
[ 35%] Building C object src/kem/classic_mceliece/CMakeFiles/classic_mceliece_8192128f_clean.dir/pqclean_mceliece8192128f_clean/synd.c.o
[ 35%] Building C object src/kem/classic_mceliece/CMakeFiles/classic_mceliece_8192128f_clean.dir/pqclean_mceliece8192128f_clean/transpose.c.o
[ 35%] Building C object src/kem/classic_mceliece/CMakeFiles/classic_mceliece_8192128f_clean.dir/pqclean_mceliece8192128f_clean/util.c.o
[ 35%] Building C object src/kem/ml_kem/CMakeFiles/ml_kem_512_ref.dir/mlkem-native_ml-kem-512_ref/mlkem/src/verify.c.o
[ 35%] Building C object src/sig/slh_dsa/CMakeFiles/slh_dsa_c.dir/wrappers/prehash_sha2_512_224/slh_dsa_sha2_512_224_prehash_sha2_192f.c.o
[ 36%] Building C object src/kem/ml_kem/CMakeFiles/ml_kem_768_ref.dir/mlkem-native_ml-kem-768_ref/mlkem/src/sampling.c.o
[ 36%] Building C object src/kem/ml_kem/CMakeFiles/ml_kem_1024_ref.dir/mlkem-native_ml-kem-1024_ref/mlkem/src/indcpa.c.o
[ 36%] Building C object src/sig/slh_dsa/CMakeFiles/slh_dsa_c.dir/wrappers/prehash_sha2_512_224/slh_dsa_sha2_512_224_prehash_sha2_192s.c.o
[ 36%] Building C object src/sig/slh_dsa/CMakeFiles/slh_dsa_c.dir/wrappers/prehash_sha2_512_224/slh_dsa_sha2_512_224_prehash_sha2_256f.c.o
[ 36%] Building C object src/kem/ml_kem/CMakeFiles/ml_kem_768_ref.dir/mlkem-native_ml-kem-768_ref/mlkem/src/verify.c.o
[ 36%] Building C object src/kem/frodokem/CMakeFiles/frodokem.dir/external/efrodo/efrodo1344aes.c.o
[ 36%] Building C object src/sig/ml_dsa/CMakeFiles/ml_dsa_44_ref.dir/sig_ml_dsa_44.c.o
[ 36%] Built target classic_mceliece_8192128f_clean
[ 36%] Building C object src/sig/ml_dsa/CMakeFiles/ml_dsa_44_ref.dir/mldsa-native_ml-dsa-44_ref/mldsa/src/ct.c.o
[ 36%] Built target ml_kem_512_ref
[ 36%] Building C object src/sig/ml_dsa/CMakeFiles/ml_dsa_44_ref.dir/mldsa-native_ml-dsa-44_ref/mldsa/src/debug.c.o
[ 36%] Building C object src/sig/ml_dsa/CMakeFiles/ml_dsa_44_ref.dir/mldsa-native_ml-dsa-44_ref/mldsa/src/packing.c.o
[ 36%] Building C object src/kem/ml_kem/CMakeFiles/ml_kem_1024_ref.dir/mlkem-native_ml-kem-1024_ref/mlkem/src/kem.c.o
[ 36%] Building C object src/sig/slh_dsa/CMakeFiles/slh_dsa_c.dir/wrappers/prehash_sha2_512_224/slh_dsa_sha2_512_224_prehash_sha2_256s.c.o
[ 36%] Building C object src/sig/ml_dsa/CMakeFiles/ml_dsa_44_ref.dir/mldsa-native_ml-dsa-44_ref/mldsa/src/poly.c.o
[ 36%] Building C object src/sig/slh_dsa/CMakeFiles/slh_dsa_c.dir/wrappers/prehash_sha2_512_224/slh_dsa_sha2_512_224_prehash_shake_128f.c.o
[ 36%] Building C object src/kem/ml_kem/CMakeFiles/ml_kem_1024_ref.dir/mlkem-native_ml-kem-1024_ref/mlkem/src/poly.c.o
[ 36%] Building C object src/sig/slh_dsa/CMakeFiles/slh_dsa_c.dir/wrappers/prehash_sha2_512_224/slh_dsa_sha2_512_224_prehash_shake_128s.c.o
[ 36%] Building C object src/sig/ml_dsa/CMakeFiles/ml_dsa_65_ref.dir/sig_ml_dsa_65.c.o
[ 36%] Built target ml_kem_768_ref
[ 37%] Building C object src/kem/frodokem/CMakeFiles/frodokem.dir/kem_efrodokem1344shake.c.o
[ 37%] Building C object src/kem/ml_kem/CMakeFiles/ml_kem_1024_ref.dir/mlkem-native_ml-kem-1024_ref/mlkem/src/poly_k.c.o
[ 37%] Building C object src/kem/ml_kem/CMakeFiles/ml_kem_1024_ref.dir/mlkem-native_ml-kem-1024_ref/mlkem/src/sampling.c.o
[ 37%] Building C object src/sig/ml_dsa/CMakeFiles/ml_dsa_65_ref.dir/mldsa-native_ml-dsa-65_ref/mldsa/src/ct.c.o
[ 37%] Building C object src/kem/ml_kem/CMakeFiles/ml_kem_1024_ref.dir/mlkem-native_ml-kem-1024_ref/mlkem/src/verify.c.o
[ 37%] Building C object src/sig/slh_dsa/CMakeFiles/slh_dsa_c.dir/wrappers/prehash_sha2_512_224/slh_dsa_sha2_512_224_prehash_shake_192f.c.o
[ 37%] Building C object src/sig/ml_dsa/CMakeFiles/ml_dsa_44_ref.dir/mldsa-native_ml-dsa-44_ref/mldsa/src/poly_kl.c.o
[ 37%] Building C object src/sig/ml_dsa/CMakeFiles/ml_dsa_65_ref.dir/mldsa-native_ml-dsa-65_ref/mldsa/src/debug.c.o
[ 37%] Building C object src/kem/frodokem/CMakeFiles/frodokem.dir/external/efrodo/efrodo1344shake.c.o
[ 37%] Building C object src/sig/ml_dsa/CMakeFiles/ml_dsa_87_ref.dir/sig_ml_dsa_87.c.o
[ 37%] Building C object src/sig/ml_dsa/CMakeFiles/ml_dsa_87_ref.dir/mldsa-native_ml-dsa-87_ref/mldsa/src/ct.c.o
[ 37%] Building C object src/sig/ml_dsa/CMakeFiles/ml_dsa_65_ref.dir/mldsa-native_ml-dsa-65_ref/mldsa/src/packing.c.o
[ 37%] Building C object src/sig/slh_dsa/CMakeFiles/slh_dsa_c.dir/wrappers/prehash_sha2_512_224/slh_dsa_sha2_512_224_prehash_shake_192s.c.o
[ 37%] Building C object src/sig/ml_dsa/CMakeFiles/ml_dsa_44_ref.dir/mldsa-native_ml-dsa-44_ref/mldsa/src/polyvec.c.o
[ 37%] Building C object src/sig/falcon/CMakeFiles/falcon_512_clean.dir/sig_falcon_512.c.o
[ 38%] Building C object src/sig/ml_dsa/CMakeFiles/ml_dsa_65_ref.dir/mldsa-native_ml-dsa-65_ref/mldsa/src/poly.c.o
[ 38%] Building C object src/sig/ml_dsa/CMakeFiles/ml_dsa_87_ref.dir/mldsa-native_ml-dsa-87_ref/mldsa/src/debug.c.o
[ 38%] Built target ml_kem_1024_ref
[ 38%] Building C object src/sig/ml_dsa/CMakeFiles/ml_dsa_65_ref.dir/mldsa-native_ml-dsa-65_ref/mldsa/src/poly_kl.c.o
[ 38%] Building C object src/sig/falcon/CMakeFiles/falcon_1024_clean.dir/sig_falcon_1024.c.o
[ 38%] Building C object src/sig/slh_dsa/CMakeFiles/slh_dsa_c.dir/wrappers/prehash_sha2_512_224/slh_dsa_sha2_512_224_prehash_shake_256f.c.o
[ 38%] Building C object src/sig/ml_dsa/CMakeFiles/ml_dsa_65_ref.dir/mldsa-native_ml-dsa-65_ref/mldsa/src/polyvec.c.o
[ 38%] Building C object src/sig/ml_dsa/CMakeFiles/ml_dsa_87_ref.dir/mldsa-native_ml-dsa-87_ref/mldsa/src/packing.c.o
[ 38%] Building C object src/sig/falcon/CMakeFiles/falcon_512_clean.dir/pqclean_falcon-512_clean/codec.c.o
[ 38%] Building C object src/sig/falcon/CMakeFiles/falcon_1024_clean.dir/pqclean_falcon-1024_clean/codec.c.o
[ 39%] Building C object src/sig/slh_dsa/CMakeFiles/slh_dsa_c.dir/wrappers/prehash_sha2_512_224/slh_dsa_sha2_512_224_prehash_shake_256s.c.o
[ 40%] Building C object src/sig/falcon/CMakeFiles/falcon_512_clean.dir/pqclean_falcon-512_clean/common.c.o
[ 40%] Building C object src/sig/ml_dsa/CMakeFiles/ml_dsa_87_ref.dir/mldsa-native_ml-dsa-87_ref/mldsa/src/poly.c.o
[ 40%] Building C object src/sig/slh_dsa/CMakeFiles/slh_dsa_c.dir/wrappers/prehash_sha2_512_256/slh_dsa_sha2_512_256_prehash_sha2_128f.c.o
[ 40%] Building C object src/sig/slh_dsa/CMakeFiles/slh_dsa_c.dir/wrappers/prehash_sha2_512_256/slh_dsa_sha2_512_256_prehash_sha2_128s.c.o
[ 40%] Building C object src/sig/slh_dsa/CMakeFiles/slh_dsa_c.dir/wrappers/prehash_sha2_512_256/slh_dsa_sha2_512_256_prehash_sha2_192f.c.o
[ 40%] Building C object src/sig/ml_dsa/CMakeFiles/ml_dsa_44_ref.dir/mldsa-native_ml-dsa-44_ref/mldsa/src/sign.c.o
[ 40%] Building C object src/sig/ml_dsa/CMakeFiles/ml_dsa_65_ref.dir/mldsa-native_ml-dsa-65_ref/mldsa/src/sign.c.o
[ 40%] Building C object src/sig/falcon/CMakeFiles/falcon_padded_512_clean.dir/sig_falcon_padded_512.c.o
[ 40%] Building C object src/sig/falcon/CMakeFiles/falcon_512_clean.dir/pqclean_falcon-512_clean/fft.c.o
[ 40%] Building C object src/sig/slh_dsa/CMakeFiles/slh_dsa_c.dir/wrappers/prehash_sha2_512_256/slh_dsa_sha2_512_256_prehash_sha2_192s.c.o
[ 40%] Building C object src/sig/falcon/CMakeFiles/falcon_1024_clean.dir/pqclean_falcon-1024_clean/common.c.o
[ 40%] Building C object src/sig/ml_dsa/CMakeFiles/ml_dsa_87_ref.dir/mldsa-native_ml-dsa-87_ref/mldsa/src/poly_kl.c.o
[ 40%] Building C object src/sig/falcon/CMakeFiles/falcon_padded_512_clean.dir/pqclean_falcon-padded-512_clean/codec.c.o
[ 40%] Building C object src/sig/slh_dsa/CMakeFiles/slh_dsa_c.dir/wrappers/prehash_sha2_512_256/slh_dsa_sha2_512_256_prehash_sha2_256f.c.o
[ 40%] Building C object src/sig/falcon/CMakeFiles/falcon_1024_clean.dir/pqclean_falcon-1024_clean/fft.c.o
[ 40%] Building C object src/sig/falcon/CMakeFiles/falcon_padded_1024_clean.dir/sig_falcon_padded_1024.c.o
[ 40%] Building C object src/sig/falcon/CMakeFiles/falcon_512_clean.dir/pqclean_falcon-512_clean/fpr.c.o
[ 40%] Building C object src/sig/mayo/CMakeFiles/mayo_1_opt.dir/sig_mayo_1.c.o
[ 40%] Building C object src/sig/slh_dsa/CMakeFiles/slh_dsa_c.dir/wrappers/prehash_sha2_512_256/slh_dsa_sha2_512_256_prehash_sha2_256s.c.o
[ 40%] Building C object src/sig/falcon/CMakeFiles/falcon_padded_1024_clean.dir/pqclean_falcon-padded-1024_clean/codec.c.o
[ 40%] Built target ml_dsa_65_ref
[ 40%] Built target ml_dsa_44_ref
[ 40%] Building C object src/sig/falcon/CMakeFiles/falcon_padded_512_clean.dir/pqclean_falcon-padded-512_clean/common.c.o
[ 40%] Building C object src/sig/falcon/CMakeFiles/falcon_1024_clean.dir/pqclean_falcon-1024_clean/fpr.c.o
[ 40%] Built target frodokem
[ 40%] Building C object src/sig/slh_dsa/CMakeFiles/slh_dsa_c.dir/wrappers/prehash_sha2_512_256/slh_dsa_sha2_512_256_prehash_shake_128f.c.o
[ 40%] Building C object src/sig/slh_dsa/CMakeFiles/slh_dsa_c.dir/wrappers/prehash_sha2_512_256/slh_dsa_sha2_512_256_prehash_shake_128s.c.o
[ 40%] Building C object src/sig/mayo/CMakeFiles/mayo_1_opt.dir/pqmayo_mayo-1_opt/api.c.o
[ 40%] Building C object src/sig/mayo/CMakeFiles/mayo_1_opt.dir/pqmayo_mayo-1_opt/arithmetic.c.o
[ 40%] Building C object src/sig/falcon/CMakeFiles/falcon_padded_1024_clean.dir/pqclean_falcon-padded-1024_clean/common.c.o
[ 40%] Building C object src/sig/ml_dsa/CMakeFiles/ml_dsa_87_ref.dir/mldsa-native_ml-dsa-87_ref/mldsa/src/polyvec.c.o
[ 40%] Building C object src/sig/falcon/CMakeFiles/falcon_512_clean.dir/pqclean_falcon-512_clean/keygen.c.o
[ 40%] Building C object src/sig/slh_dsa/CMakeFiles/slh_dsa_c.dir/wrappers/prehash_sha2_512_256/slh_dsa_sha2_512_256_prehash_shake_192f.c.o
[ 40%] Building C object src/sig/slh_dsa/CMakeFiles/slh_dsa_c.dir/wrappers/prehash_sha2_512_256/slh_dsa_sha2_512_256_prehash_shake_192s.c.o
[ 40%] Building C object src/sig/falcon/CMakeFiles/falcon_padded_512_clean.dir/pqclean_falcon-padded-512_clean/fft.c.o
[ 40%] Building C object src/sig/falcon/CMakeFiles/falcon_1024_clean.dir/pqclean_falcon-1024_clean/keygen.c.o
[ 40%] Building C object src/sig/slh_dsa/CMakeFiles/slh_dsa_c.dir/wrappers/prehash_sha2_512_256/slh_dsa_sha2_512_256_prehash_shake_256f.c.o
[ 40%] Building C object src/sig/falcon/CMakeFiles/falcon_padded_1024_clean.dir/pqclean_falcon-padded-1024_clean/fft.c.o
[ 40%] Building C object src/sig/falcon/CMakeFiles/falcon_1024_clean.dir/pqclean_falcon-1024_clean/pqclean.c.o
[ 41%] Building C object src/sig/falcon/CMakeFiles/falcon_padded_1024_clean.dir/pqclean_falcon-padded-1024_clean/fpr.c.o
[ 41%] Building C object src/sig/mayo/CMakeFiles/mayo_1_opt.dir/pqmayo_mayo-1_opt/mayo.c.o
[ 41%] Building C object src/sig/slh_dsa/CMakeFiles/slh_dsa_c.dir/wrappers/prehash_sha2_512_256/slh_dsa_sha2_512_256_prehash_shake_256s.c.o
[ 41%] Building C object src/sig/falcon/CMakeFiles/falcon_padded_512_clean.dir/pqclean_falcon-padded-512_clean/fpr.c.o
[ 41%] Building C object src/sig/ml_dsa/CMakeFiles/ml_dsa_87_ref.dir/mldsa-native_ml-dsa-87_ref/mldsa/src/sign.c.o
[ 41%] Building C object src/sig/falcon/CMakeFiles/falcon_1024_clean.dir/pqclean_falcon-1024_clean/rng.c.o
[ 42%] Building C object src/sig/slh_dsa/CMakeFiles/slh_dsa_c.dir/wrappers/prehash_sha3_224/slh_dsa_sha3_224_prehash_sha2_128f.c.o
[ 42%] Building C object src/sig/falcon/CMakeFiles/falcon_padded_1024_clean.dir/pqclean_falcon-padded-1024_clean/keygen.c.o
[ 42%] Building C object src/sig/falcon/CMakeFiles/falcon_512_clean.dir/pqclean_falcon-512_clean/pqclean.c.o
[ 42%] Building C object src/sig/falcon/CMakeFiles/falcon_padded_512_clean.dir/pqclean_falcon-padded-512_clean/keygen.c.o
[ 42%] Building C object src/sig/slh_dsa/CMakeFiles/slh_dsa_c.dir/wrappers/prehash_sha3_224/slh_dsa_sha3_224_prehash_sha2_128s.c.o
[ 42%] Building C object src/sig/mayo/CMakeFiles/mayo_1_opt.dir/pqmayo_mayo-1_opt/params.c.o
[ 42%] Building C object src/sig/mayo/CMakeFiles/mayo_2_opt.dir/sig_mayo_2.c.o
[ 42%] Building C object src/sig/falcon/CMakeFiles/falcon_1024_clean.dir/pqclean_falcon-1024_clean/sign.c.o
[ 42%] Building C object src/sig/falcon/CMakeFiles/falcon_padded_1024_clean.dir/pqclean_falcon-padded-1024_clean/pqclean.c.o
[ 42%] Building C object src/sig/slh_dsa/CMakeFiles/slh_dsa_c.dir/wrappers/prehash_sha3_224/slh_dsa_sha3_224_prehash_sha2_192f.c.o
[ 42%] Built target ml_dsa_87_ref
[ 42%] Building C object src/sig/slh_dsa/CMakeFiles/slh_dsa_c.dir/wrappers/prehash_sha3_224/slh_dsa_sha3_224_prehash_sha2_192s.c.o
[ 43%] Building C object src/sig/mayo/CMakeFiles/mayo_2_opt.dir/pqmayo_mayo-2_opt/api.c.o
[ 43%] Building C object src/sig/mayo/CMakeFiles/mayo_2_opt.dir/pqmayo_mayo-2_opt/arithmetic.c.o
[ 43%] Building C object src/sig/falcon/CMakeFiles/falcon_padded_512_clean.dir/pqclean_falcon-padded-512_clean/pqclean.c.o
[ 43%] Building C object src/sig/falcon/CMakeFiles/falcon_1024_clean.dir/pqclean_falcon-1024_clean/vrfy.c.o
[ 43%] Building C object src/sig/slh_dsa/CMakeFiles/slh_dsa_c.dir/wrappers/prehash_sha3_224/slh_dsa_sha3_224_prehash_sha2_256f.c.o
[ 43%] Building C object src/sig/slh_dsa/CMakeFiles/slh_dsa_c.dir/wrappers/prehash_sha3_224/slh_dsa_sha3_224_prehash_sha2_256s.c.o
[ 43%] Building C object src/sig/falcon/CMakeFiles/falcon_padded_1024_clean.dir/pqclean_falcon-padded-1024_clean/rng.c.o
[ 43%] Building C object src/sig/mayo/CMakeFiles/mayo_3_opt.dir/sig_mayo_3.c.o
[ 43%] Building C object src/sig/slh_dsa/CMakeFiles/slh_dsa_c.dir/wrappers/prehash_sha3_224/slh_dsa_sha3_224_prehash_shake_128f.c.o
[ 43%] Building C object src/sig/mayo/CMakeFiles/mayo_3_opt.dir/pqmayo_mayo-3_opt/api.c.o
[ 43%] Building C object src/sig/slh_dsa/CMakeFiles/slh_dsa_c.dir/wrappers/prehash_sha3_224/slh_dsa_sha3_224_prehash_shake_128s.c.o
[ 43%] Building C object src/sig/falcon/CMakeFiles/falcon_512_clean.dir/pqclean_falcon-512_clean/rng.c.o
[ 43%] Building C object src/sig/mayo/CMakeFiles/mayo_3_opt.dir/pqmayo_mayo-3_opt/arithmetic.c.o
[ 43%] Building C object src/sig/slh_dsa/CMakeFiles/slh_dsa_c.dir/wrappers/prehash_sha3_224/slh_dsa_sha3_224_prehash_shake_192f.c.o
[ 44%] Building C object src/sig/falcon/CMakeFiles/falcon_padded_512_clean.dir/pqclean_falcon-padded-512_clean/rng.c.o
[ 44%] Building C object src/sig/mayo/CMakeFiles/mayo_2_opt.dir/pqmayo_mayo-2_opt/mayo.c.o
[ 44%] Building C object src/sig/slh_dsa/CMakeFiles/slh_dsa_c.dir/wrappers/prehash_sha3_224/slh_dsa_sha3_224_prehash_shake_192s.c.o
[ 44%] Building C object src/sig/slh_dsa/CMakeFiles/slh_dsa_c.dir/wrappers/prehash_sha3_224/slh_dsa_sha3_224_prehash_shake_256f.c.o
[ 44%] Building C object src/sig/falcon/CMakeFiles/falcon_padded_1024_clean.dir/pqclean_falcon-padded-1024_clean/sign.c.o
[ 44%] Building C object src/sig/falcon/CMakeFiles/falcon_512_clean.dir/pqclean_falcon-512_clean/sign.c.o
[ 44%] Building C object src/sig/slh_dsa/CMakeFiles/slh_dsa_c.dir/wrappers/prehash_sha3_224/slh_dsa_sha3_224_prehash_shake_256s.c.o
[ 45%] Building C object src/sig/slh_dsa/CMakeFiles/slh_dsa_c.dir/wrappers/prehash_sha3_256/slh_dsa_sha3_256_prehash_sha2_128f.c.o
[ 45%] Building C object src/sig/mayo/CMakeFiles/mayo_5_opt.dir/sig_mayo_5.c.o
[ 45%] Building C object src/sig/slh_dsa/CMakeFiles/slh_dsa_c.dir/wrappers/prehash_sha3_256/slh_dsa_sha3_256_prehash_sha2_128s.c.o
[ 45%] Building C object src/sig/slh_dsa/CMakeFiles/slh_dsa_c.dir/wrappers/prehash_sha3_256/slh_dsa_sha3_256_prehash_sha2_192f.c.o
[ 45%] Building C object src/sig/mayo/CMakeFiles/mayo_5_opt.dir/pqmayo_mayo-5_opt/api.c.o
[ 45%] Building C object src/sig/slh_dsa/CMakeFiles/slh_dsa_c.dir/wrappers/prehash_sha3_256/slh_dsa_sha3_256_prehash_sha2_192s.c.o
[ 45%] Building C object src/sig/mayo/CMakeFiles/mayo_3_opt.dir/pqmayo_mayo-3_opt/mayo.c.o
[ 45%] Building C object src/sig/mayo/CMakeFiles/mayo_3_opt.dir/pqmayo_mayo-3_opt/params.c.o
[ 45%] Building C object src/sig/mayo/CMakeFiles/mayo_5_opt.dir/pqmayo_mayo-5_opt/arithmetic.c.o
[ 45%] Building C object src/sig/falcon/CMakeFiles/falcon_padded_512_clean.dir/pqclean_falcon-padded-512_clean/sign.c.o
[ 45%] Building C object src/sig/slh_dsa/CMakeFiles/slh_dsa_c.dir/wrappers/prehash_sha3_256/slh_dsa_sha3_256_prehash_sha2_256f.c.o
[ 45%] Building C object src/sig/cross/CMakeFiles/cross_rsdp_128_balanced_clean.dir/sig_cross_rsdp_128_balanced.c.o
[ 45%] Built target mayo_1_opt
[ 45%] Building C object src/sig/mayo/CMakeFiles/mayo_2_opt.dir/pqmayo_mayo-2_opt/params.c.o
[ 45%] Building C object src/sig/cross/CMakeFiles/cross_rsdp_128_balanced_clean.dir/upcross_cross-rsdp-128-balanced_clean/CROSS.c.o
[ 45%] Building C object src/sig/falcon/CMakeFiles/falcon_padded_1024_clean.dir/pqclean_falcon-padded-1024_clean/vrfy.c.o
[ 45%] Building C object src/sig/slh_dsa/CMakeFiles/slh_dsa_c.dir/wrappers/prehash_sha3_256/slh_dsa_sha3_256_prehash_sha2_256s.c.o
[ 45%] Building C object src/sig/slh_dsa/CMakeFiles/slh_dsa_c.dir/wrappers/prehash_sha3_256/slh_dsa_sha3_256_prehash_shake_128f.c.o
[ 45%] Building C object src/sig/slh_dsa/CMakeFiles/slh_dsa_c.dir/wrappers/prehash_sha3_256/slh_dsa_sha3_256_prehash_shake_128s.c.o
[ 45%] Building C object src/sig/falcon/CMakeFiles/falcon_512_clean.dir/pqclean_falcon-512_clean/vrfy.c.o
[ 45%] Building C object src/sig/slh_dsa/CMakeFiles/slh_dsa_c.dir/wrappers/prehash_sha3_256/slh_dsa_sha3_256_prehash_shake_192f.c.o
[ 45%] Building C object src/sig/slh_dsa/CMakeFiles/slh_dsa_c.dir/wrappers/prehash_sha3_256/slh_dsa_sha3_256_prehash_shake_192s.c.o
[ 45%] Building C object src/sig/slh_dsa/CMakeFiles/slh_dsa_c.dir/wrappers/prehash_sha3_256/slh_dsa_sha3_256_prehash_shake_256f.c.o
[ 45%] Building C object src/sig/mayo/CMakeFiles/mayo_5_opt.dir/pqmayo_mayo-5_opt/mayo.c.o
[ 45%] Building C object src/sig/slh_dsa/CMakeFiles/slh_dsa_c.dir/wrappers/prehash_sha3_256/slh_dsa_sha3_256_prehash_shake_256s.c.o
[ 45%] Building C object src/sig/slh_dsa/CMakeFiles/slh_dsa_c.dir/wrappers/prehash_sha3_384/slh_dsa_sha3_384_prehash_sha2_128f.c.o
[ 45%] Building C object src/sig/cross/CMakeFiles/cross_rsdp_128_balanced_clean.dir/upcross_cross-rsdp-128-balanced_clean/csprng_hash.c.o
[ 45%] Building C object src/sig/cross/CMakeFiles/cross_rsdp_128_fast_clean.dir/sig_cross_rsdp_128_fast.c.o
[ 45%] Building C object src/sig/falcon/CMakeFiles/falcon_padded_512_clean.dir/pqclean_falcon-padded-512_clean/vrfy.c.o
[ 45%] Built target falcon_1024_clean
[ 45%] Built target mayo_2_opt
[ 47%] Building C object src/sig/slh_dsa/CMakeFiles/slh_dsa_c.dir/wrappers/prehash_sha3_384/slh_dsa_sha3_384_prehash_sha2_128s.c.o
[ 47%] Building C object src/sig/mayo/CMakeFiles/mayo_5_opt.dir/pqmayo_mayo-5_opt/params.c.o
[ 47%] Building C object src/sig/cross/CMakeFiles/cross_rsdp_128_balanced_clean.dir/upcross_cross-rsdp-128-balanced_clean/merkle.c.o
[ 47%] Building C object src/sig/cross/CMakeFiles/cross_rsdp_128_small_clean.dir/sig_cross_rsdp_128_small.c.o
[ 47%] Building C object src/sig/cross/CMakeFiles/cross_rsdp_128_fast_clean.dir/upcross_cross-rsdp-128-fast_clean/CROSS.c.o
[ 47%] Building C object src/sig/cross/CMakeFiles/cross_rsdp_128_fast_clean.dir/upcross_cross-rsdp-128-fast_clean/csprng_hash.c.o
[ 47%] Building C object src/sig/slh_dsa/CMakeFiles/slh_dsa_c.dir/wrappers/prehash_sha3_384/slh_dsa_sha3_384_prehash_sha2_192f.c.o
[ 47%] Built target falcon_padded_1024_clean
[ 47%] Building C object src/sig/cross/CMakeFiles/cross_rsdp_128_small_clean.dir/upcross_cross-rsdp-128-small_clean/CROSS.c.o
[ 47%] Built target falcon_512_clean
[ 47%] Building C object src/sig/cross/CMakeFiles/cross_rsdp_128_small_clean.dir/upcross_cross-rsdp-128-small_clean/csprng_hash.c.o
[ 47%] Building C object src/sig/cross/CMakeFiles/cross_rsdp_192_balanced_clean.dir/sig_cross_rsdp_192_balanced.c.o
[ 47%] Building C object src/sig/slh_dsa/CMakeFiles/slh_dsa_c.dir/wrappers/prehash_sha3_384/slh_dsa_sha3_384_prehash_sha2_192s.c.o
[ 47%] Building C object src/sig/cross/CMakeFiles/cross_rsdp_128_balanced_clean.dir/upcross_cross-rsdp-128-balanced_clean/pack_unpack.c.o
[ 47%] Building C object src/sig/cross/CMakeFiles/cross_rsdp_192_balanced_clean.dir/upcross_cross-rsdp-192-balanced_clean/CROSS.c.o
[ 47%] Building C object src/sig/cross/CMakeFiles/cross_rsdp_128_balanced_clean.dir/upcross_cross-rsdp-128-balanced_clean/seedtree.c.o
[ 47%] Building C object src/sig/cross/CMakeFiles/cross_rsdp_128_balanced_clean.dir/upcross_cross-rsdp-128-balanced_clean/sign.c.o
[ 47%] Building C object src/sig/slh_dsa/CMakeFiles/slh_dsa_c.dir/wrappers/prehash_sha3_384/slh_dsa_sha3_384_prehash_sha2_256f.c.o
[ 47%] Building C object src/sig/cross/CMakeFiles/cross_rsdp_128_fast_clean.dir/upcross_cross-rsdp-128-fast_clean/merkle.c.o
[ 47%] Building C object src/sig/cross/CMakeFiles/cross_rsdp_192_fast_clean.dir/sig_cross_rsdp_192_fast.c.o
[ 47%] Building C object src/sig/slh_dsa/CMakeFiles/slh_dsa_c.dir/wrappers/prehash_sha3_384/slh_dsa_sha3_384_prehash_sha2_256s.c.o
[ 47%] Building C object src/sig/cross/CMakeFiles/cross_rsdp_128_small_clean.dir/upcross_cross-rsdp-128-small_clean/merkle.c.o
[ 47%] Building C object src/sig/slh_dsa/CMakeFiles/slh_dsa_c.dir/wrappers/prehash_sha3_384/slh_dsa_sha3_384_prehash_shake_128f.c.o
[ 47%] Building C object src/sig/cross/CMakeFiles/cross_rsdp_192_fast_clean.dir/upcross_cross-rsdp-192-fast_clean/CROSS.c.o
[ 47%] Built target cross_rsdp_128_balanced_clean
[ 47%] Building C object src/sig/cross/CMakeFiles/cross_rsdp_192_balanced_clean.dir/upcross_cross-rsdp-192-balanced_clean/csprng_hash.c.o
[ 47%] Building C object src/sig/cross/CMakeFiles/cross_rsdp_128_fast_clean.dir/upcross_cross-rsdp-128-fast_clean/pack_unpack.c.o
[ 47%] Building C object src/sig/slh_dsa/CMakeFiles/slh_dsa_c.dir/wrappers/prehash_sha3_384/slh_dsa_sha3_384_prehash_shake_128s.c.o
[ 47%] Building C object src/sig/cross/CMakeFiles/cross_rsdp_128_small_clean.dir/upcross_cross-rsdp-128-small_clean/pack_unpack.c.o
[ 47%] Building C object src/sig/cross/CMakeFiles/cross_rsdp_128_small_clean.dir/upcross_cross-rsdp-128-small_clean/seedtree.c.o
[ 47%] Built target falcon_padded_512_clean
[ 47%] Building C object src/sig/cross/CMakeFiles/cross_rsdp_192_fast_clean.dir/upcross_cross-rsdp-192-fast_clean/csprng_hash.c.o
[ 47%] Building C object src/sig/slh_dsa/CMakeFiles/slh_dsa_c.dir/wrappers/prehash_sha3_384/slh_dsa_sha3_384_prehash_shake_192f.c.o
[ 47%] Building C object src/sig/cross/CMakeFiles/cross_rsdp_192_balanced_clean.dir/upcross_cross-rsdp-192-balanced_clean/merkle.c.o
[ 47%] Building C object src/sig/cross/CMakeFiles/cross_rsdp_128_small_clean.dir/upcross_cross-rsdp-128-small_clean/sign.c.o
[ 47%] Building C object src/sig/slh_dsa/CMakeFiles/slh_dsa_c.dir/wrappers/prehash_sha3_384/slh_dsa_sha3_384_prehash_shake_192s.c.o
[ 47%] Building C object src/sig/cross/CMakeFiles/cross_rsdp_192_small_clean.dir/sig_cross_rsdp_192_small.c.o
[ 47%] Building C object src/sig/cross/CMakeFiles/cross_rsdp_192_fast_clean.dir/upcross_cross-rsdp-192-fast_clean/merkle.c.o
[ 48%] Building C object src/sig/cross/CMakeFiles/cross_rsdp_128_fast_clean.dir/upcross_cross-rsdp-128-fast_clean/seedtree.c.o
[ 48%] Built target mayo_3_opt
[ 49%] Building C object src/sig/cross/CMakeFiles/cross_rsdp_192_balanced_clean.dir/upcross_cross-rsdp-192-balanced_clean/pack_unpack.c.o
[ 49%] Building C object src/sig/slh_dsa/CMakeFiles/slh_dsa_c.dir/wrappers/prehash_sha3_384/slh_dsa_sha3_384_prehash_shake_256f.c.o
[ 49%] Building C object src/sig/cross/CMakeFiles/cross_rsdp_256_balanced_clean.dir/sig_cross_rsdp_256_balanced.c.o
[ 49%] Building C object src/sig/cross/CMakeFiles/cross_rsdp_192_small_clean.dir/upcross_cross-rsdp-192-small_clean/CROSS.c.o
[ 50%] Building C object src/sig/cross/CMakeFiles/cross_rsdp_192_small_clean.dir/upcross_cross-rsdp-192-small_clean/csprng_hash.c.o
[ 50%] Building C object src/sig/cross/CMakeFiles/cross_rsdp_128_fast_clean.dir/upcross_cross-rsdp-128-fast_clean/sign.c.o
[ 50%] Building C object src/sig/cross/CMakeFiles/cross_rsdp_192_balanced_clean.dir/upcross_cross-rsdp-192-balanced_clean/seedtree.c.o
[ 50%] Building C object src/sig/slh_dsa/CMakeFiles/slh_dsa_c.dir/wrappers/prehash_sha3_384/slh_dsa_sha3_384_prehash_shake_256s.c.o
[ 50%] Building C object src/sig/cross/CMakeFiles/cross_rsdp_256_balanced_clean.dir/upcross_cross-rsdp-256-balanced_clean/CROSS.c.o
[ 50%] Built target cross_rsdp_128_small_clean
[ 50%] Built target cross_rsdp_128_fast_clean
[ 50%] Building C object src/sig/cross/CMakeFiles/cross_rsdp_192_small_clean.dir/upcross_cross-rsdp-192-small_clean/merkle.c.o
[ 50%] Building C object src/sig/cross/CMakeFiles/cross_rsdp_192_small_clean.dir/upcross_cross-rsdp-192-small_clean/pack_unpack.c.o
[ 50%] Building C object src/sig/cross/CMakeFiles/cross_rsdp_192_fast_clean.dir/upcross_cross-rsdp-192-fast_clean/pack_unpack.c.o
[ 50%] Building C object src/sig/slh_dsa/CMakeFiles/slh_dsa_c.dir/wrappers/prehash_sha3_512/slh_dsa_sha3_512_prehash_sha2_128f.c.o
[ 50%] Building C object src/sig/cross/CMakeFiles/cross_rsdp_256_balanced_clean.dir/upcross_cross-rsdp-256-balanced_clean/csprng_hash.c.o
[ 51%] Building C object src/sig/slh_dsa/CMakeFiles/slh_dsa_c.dir/wrappers/prehash_sha3_512/slh_dsa_sha3_512_prehash_sha2_128s.c.o
[ 51%] Building C object src/sig/cross/CMakeFiles/cross_rsdp_256_fast_clean.dir/sig_cross_rsdp_256_fast.c.o
[ 51%] Building C object src/sig/cross/CMakeFiles/cross_rsdp_256_balanced_clean.dir/upcross_cross-rsdp-256-balanced_clean/merkle.c.o
[ 51%] Building C object src/sig/cross/CMakeFiles/cross_rsdp_256_balanced_clean.dir/upcross_cross-rsdp-256-balanced_clean/pack_unpack.c.o
[ 51%] Building C object src/sig/cross/CMakeFiles/cross_rsdp_192_balanced_clean.dir/upcross_cross-rsdp-192-balanced_clean/sign.c.o
[ 51%] Building C object src/sig/slh_dsa/CMakeFiles/slh_dsa_c.dir/wrappers/prehash_sha3_512/slh_dsa_sha3_512_prehash_sha2_192f.c.o
[ 51%] Building C object src/sig/cross/CMakeFiles/cross_rsdp_192_small_clean.dir/upcross_cross-rsdp-192-small_clean/seedtree.c.o
[ 52%] Building C object src/sig/cross/CMakeFiles/cross_rsdp_256_fast_clean.dir/upcross_cross-rsdp-256-fast_clean/CROSS.c.o
[ 52%] Building C object src/sig/cross/CMakeFiles/cross_rsdp_256_balanced_clean.dir/upcross_cross-rsdp-256-balanced_clean/seedtree.c.o
[ 52%] Built target cross_rsdp_192_balanced_clean
[ 52%] Building C object src/sig/cross/CMakeFiles/cross_rsdp_256_small_clean.dir/sig_cross_rsdp_256_small.c.o
[ 52%] Building C object src/sig/slh_dsa/CMakeFiles/slh_dsa_c.dir/wrappers/prehash_sha3_512/slh_dsa_sha3_512_prehash_sha2_192s.c.o
[ 52%] Building C object src/sig/cross/CMakeFiles/cross_rsdpg_128_balanced_clean.dir/sig_cross_rsdpg_128_balanced.c.o
[ 52%] Building C object src/sig/cross/CMakeFiles/cross_rsdp_256_small_clean.dir/upcross_cross-rsdp-256-small_clean/CROSS.c.o
[ 52%] Building C object src/sig/slh_dsa/CMakeFiles/slh_dsa_c.dir/wrappers/prehash_sha3_512/slh_dsa_sha3_512_prehash_sha2_256f.c.o
[ 52%] Building C object src/sig/cross/CMakeFiles/cross_rsdp_192_small_clean.dir/upcross_cross-rsdp-192-small_clean/sign.c.o
[ 52%] Building C object src/sig/cross/CMakeFiles/cross_rsdp_256_fast_clean.dir/upcross_cross-rsdp-256-fast_clean/csprng_hash.c.o
[ 52%] Building C object src/sig/cross/CMakeFiles/cross_rsdpg_128_balanced_clean.dir/upcross_cross-rsdpg-128-balanced_clean/CROSS.c.o
[ 52%] Building C object src/sig/cross/CMakeFiles/cross_rsdp_192_fast_clean.dir/upcross_cross-rsdp-192-fast_clean/seedtree.c.o
[ 52%] Building C object src/sig/slh_dsa/CMakeFiles/slh_dsa_c.dir/wrappers/prehash_sha3_512/slh_dsa_sha3_512_prehash_sha2_256s.c.o
[ 52%] Building C object src/sig/cross/CMakeFiles/cross_rsdpg_128_fast_clean.dir/sig_cross_rsdpg_128_fast.c.o
[ 52%] Building C object src/sig/cross/CMakeFiles/cross_rsdp_192_fast_clean.dir/upcross_cross-rsdp-192-fast_clean/sign.c.o
[ 52%] Building C object src/sig/cross/CMakeFiles/cross_rsdp_256_balanced_clean.dir/upcross_cross-rsdp-256-balanced_clean/sign.c.o
[ 52%] Building C object src/sig/slh_dsa/CMakeFiles/slh_dsa_c.dir/wrappers/prehash_sha3_512/slh_dsa_sha3_512_prehash_shake_128f.c.o
[ 52%] Built target cross_rsdp_192_fast_clean
[ 52%] Building C object src/sig/cross/CMakeFiles/cross_rsdpg_128_balanced_clean.dir/upcross_cross-rsdpg-128-balanced_clean/csprng_hash.c.o
[ 52%] Building C object src/sig/cross/CMakeFiles/cross_rsdp_256_small_clean.dir/upcross_cross-rsdp-256-small_clean/csprng_hash.c.o
[ 52%] Building C object src/sig/cross/CMakeFiles/cross_rsdpg_128_fast_clean.dir/upcross_cross-rsdpg-128-fast_clean/CROSS.c.o
[ 52%] Building C object src/sig/cross/CMakeFiles/cross_rsdp_256_fast_clean.dir/upcross_cross-rsdp-256-fast_clean/merkle.c.o
[ 52%] Building C object src/sig/slh_dsa/CMakeFiles/slh_dsa_c.dir/wrappers/prehash_sha3_512/slh_dsa_sha3_512_prehash_shake_192f.c.o
[ 52%] Building C object src/sig/slh_dsa/CMakeFiles/slh_dsa_c.dir/wrappers/prehash_sha3_512/slh_dsa_sha3_512_prehash_shake_128s.c.o
[ 52%] Building C object src/sig/cross/CMakeFiles/cross_rsdpg_128_fast_clean.dir/upcross_cross-rsdpg-128-fast_clean/csprng_hash.c.o
[ 52%] Building C object src/sig/cross/CMakeFiles/cross_rsdpg_128_small_clean.dir/sig_cross_rsdpg_128_small.c.o
[ 52%] Built target cross_rsdp_256_balanced_clean
[ 52%] Building C object src/sig/cross/CMakeFiles/cross_rsdp_256_fast_clean.dir/upcross_cross-rsdp-256-fast_clean/pack_unpack.c.o
[ 52%] Building C object src/sig/cross/CMakeFiles/cross_rsdpg_128_balanced_clean.dir/upcross_cross-rsdpg-128-balanced_clean/merkle.c.o
[ 52%] Building C object src/sig/slh_dsa/CMakeFiles/slh_dsa_c.dir/wrappers/prehash_sha3_512/slh_dsa_sha3_512_prehash_shake_192s.c.o
[ 52%] Building C object src/sig/cross/CMakeFiles/cross_rsdpg_128_small_clean.dir/upcross_cross-rsdpg-128-small_clean/CROSS.c.o
[ 52%] Building C object src/sig/cross/CMakeFiles/cross_rsdp_256_fast_clean.dir/upcross_cross-rsdp-256-fast_clean/seedtree.c.o
[ 52%] Building C object src/sig/slh_dsa/CMakeFiles/slh_dsa_c.dir/wrappers/prehash_sha3_512/slh_dsa_sha3_512_prehash_shake_256f.c.o
[ 52%] Building C object src/sig/cross/CMakeFiles/cross_rsdp_256_small_clean.dir/upcross_cross-rsdp-256-small_clean/merkle.c.o
[ 52%] Built target cross_rsdp_192_small_clean
[ 52%] Building C object src/sig/cross/CMakeFiles/cross_rsdpg_128_small_clean.dir/upcross_cross-rsdpg-128-small_clean/csprng_hash.c.o
[ 52%] Built target mayo_5_opt
[ 52%] Building C object src/sig/cross/CMakeFiles/cross_rsdp_256_fast_clean.dir/upcross_cross-rsdp-256-fast_clean/sign.c.o
[ 52%] Building C object src/sig/cross/CMakeFiles/cross_rsdpg_128_balanced_clean.dir/upcross_cross-rsdpg-128-balanced_clean/pack_unpack.c.o
[ 52%] Building C object src/sig/slh_dsa/CMakeFiles/slh_dsa_c.dir/wrappers/prehash_sha3_512/slh_dsa_sha3_512_prehash_shake_256s.c.o
[ 52%] Building C object src/sig/cross/CMakeFiles/cross_rsdp_256_small_clean.dir/upcross_cross-rsdp-256-small_clean/pack_unpack.c.o
[ 52%] Building C object src/sig/cross/CMakeFiles/cross_rsdpg_192_balanced_clean.dir/sig_cross_rsdpg_192_balanced.c.o
[ 52%] Building C object src/sig/slh_dsa/CMakeFiles/slh_dsa_c.dir/wrappers/prehash_shake_128/slh_dsa_shake_128_prehash_sha2_128f.c.o
[ 52%] Building C object src/sig/cross/CMakeFiles/cross_rsdpg_128_fast_clean.dir/upcross_cross-rsdpg-128-fast_clean/merkle.c.o
[ 52%] Building C object src/sig/cross/CMakeFiles/cross_rsdpg_128_balanced_clean.dir/upcross_cross-rsdpg-128-balanced_clean/seedtree.c.o
[ 52%] Building C object src/sig/cross/CMakeFiles/cross_rsdpg_192_balanced_clean.dir/upcross_cross-rsdpg-192-balanced_clean/CROSS.c.o
[ 52%] Built target cross_rsdp_256_fast_clean
[ 52%] Building C object src/sig/cross/CMakeFiles/cross_rsdpg_128_small_clean.dir/upcross_cross-rsdpg-128-small_clean/merkle.c.o
[ 52%] Building C object src/sig/slh_dsa/CMakeFiles/slh_dsa_c.dir/wrappers/prehash_shake_128/slh_dsa_shake_128_prehash_sha2_128s.c.o
[ 52%] Building C object src/sig/cross/CMakeFiles/cross_rsdpg_192_fast_clean.dir/sig_cross_rsdpg_192_fast.c.o
[ 52%] Building C object src/sig/cross/CMakeFiles/cross_rsdpg_128_fast_clean.dir/upcross_cross-rsdpg-128-fast_clean/pack_unpack.c.o
[ 52%] Building C object src/sig/cross/CMakeFiles/cross_rsdpg_192_balanced_clean.dir/upcross_cross-rsdpg-192-balanced_clean/csprng_hash.c.o
[ 53%] Building C object src/sig/slh_dsa/CMakeFiles/slh_dsa_c.dir/wrappers/prehash_shake_128/slh_dsa_shake_128_prehash_sha2_192f.c.o
[ 54%] Building C object src/sig/cross/CMakeFiles/cross_rsdpg_192_balanced_clean.dir/upcross_cross-rsdpg-192-balanced_clean/merkle.c.o
[ 54%] Building C object src/sig/cross/CMakeFiles/cross_rsdpg_192_fast_clean.dir/upcross_cross-rsdpg-192-fast_clean/CROSS.c.o
[ 54%] Building C object src/sig/cross/CMakeFiles/cross_rsdpg_128_balanced_clean.dir/upcross_cross-rsdpg-128-balanced_clean/sign.c.o
[ 54%] Building C object src/sig/cross/CMakeFiles/cross_rsdp_256_small_clean.dir/upcross_cross-rsdp-256-small_clean/seedtree.c.o
[ 54%] Building C object src/sig/cross/CMakeFiles/cross_rsdpg_192_fast_clean.dir/upcross_cross-rsdpg-192-fast_clean/csprng_hash.c.o
[ 54%] Built target cross_rsdpg_128_balanced_clean
[ 54%] Building C object src/sig/slh_dsa/CMakeFiles/slh_dsa_c.dir/wrappers/prehash_shake_128/slh_dsa_shake_128_prehash_sha2_192s.c.o
[ 55%] Building C object src/sig/cross/CMakeFiles/cross_rsdpg_128_fast_clean.dir/upcross_cross-rsdpg-128-fast_clean/seedtree.c.o
[ 55%] Building C object src/sig/cross/CMakeFiles/cross_rsdpg_128_small_clean.dir/upcross_cross-rsdpg-128-small_clean/pack_unpack.c.o
[ 56%] Building C object src/sig/cross/CMakeFiles/cross_rsdp_256_small_clean.dir/upcross_cross-rsdp-256-small_clean/sign.c.o
[ 56%] Building C object src/sig/slh_dsa/CMakeFiles/slh_dsa_c.dir/wrappers/prehash_shake_128/slh_dsa_shake_128_prehash_sha2_256f.c.o
[ 56%] Building C object src/sig/cross/CMakeFiles/cross_rsdpg_128_small_clean.dir/upcross_cross-rsdpg-128-small_clean/seedtree.c.o
[ 56%] Building C object src/sig/cross/CMakeFiles/cross_rsdpg_128_fast_clean.dir/upcross_cross-rsdpg-128-fast_clean/sign.c.o
[ 56%] Building C object src/sig/cross/CMakeFiles/cross_rsdpg_192_small_clean.dir/sig_cross_rsdpg_192_small.c.o
[ 56%] Building C object src/sig/cross/CMakeFiles/cross_rsdpg_256_balanced_clean.dir/sig_cross_rsdpg_256_balanced.c.o
[ 56%] Building C object src/sig/cross/CMakeFiles/cross_rsdpg_192_small_clean.dir/upcross_cross-rsdpg-192-small_clean/CROSS.c.o
[ 56%] Built target cross_rsdp_256_small_clean
[ 56%] Built target cross_rsdpg_128_fast_clean
[ 56%] Building C object src/sig/slh_dsa/CMakeFiles/slh_dsa_c.dir/wrappers/prehash_shake_128/slh_dsa_shake_128_prehash_sha2_256s.c.o
[ 57%] Building C object src/sig/cross/CMakeFiles/cross_rsdpg_192_small_clean.dir/upcross_cross-rsdpg-192-small_clean/csprng_hash.c.o
[ 57%] Building C object src/sig/cross/CMakeFiles/cross_rsdpg_192_fast_clean.dir/upcross_cross-rsdpg-192-fast_clean/merkle.c.o
[ 57%] Building C object src/sig/cross/CMakeFiles/cross_rsdpg_192_balanced_clean.dir/upcross_cross-rsdpg-192-balanced_clean/pack_unpack.c.o
[ 57%] Building C object src/sig/cross/CMakeFiles/cross_rsdpg_256_balanced_clean.dir/upcross_cross-rsdpg-256-balanced_clean/CROSS.c.o
[ 57%] Building C object src/sig/slh_dsa/CMakeFiles/slh_dsa_c.dir/wrappers/prehash_shake_128/slh_dsa_shake_128_prehash_shake_128f.c.o
[ 57%] Building C object src/sig/cross/CMakeFiles/cross_rsdpg_192_small_clean.dir/upcross_cross-rsdpg-192-small_clean/merkle.c.o
[ 57%] Building C object src/sig/cross/CMakeFiles/cross_rsdpg_192_balanced_clean.dir/upcross_cross-rsdpg-192-balanced_clean/seedtree.c.o
[ 57%] Building C object src/sig/cross/CMakeFiles/cross_rsdpg_256_fast_clean.dir/sig_cross_rsdpg_256_fast.c.o
[ 57%] Building C object src/sig/slh_dsa/CMakeFiles/slh_dsa_c.dir/wrappers/prehash_shake_128/slh_dsa_shake_128_prehash_shake_128s.c.o
[ 57%] Building C object src/sig/cross/CMakeFiles/cross_rsdpg_128_small_clean.dir/upcross_cross-rsdpg-128-small_clean/sign.c.o
[ 58%] Building C object src/sig/cross/CMakeFiles/cross_rsdpg_256_fast_clean.dir/upcross_cross-rsdpg-256-fast_clean/CROSS.c.o
[ 58%] Building C object src/sig/cross/CMakeFiles/cross_rsdpg_256_balanced_clean.dir/upcross_cross-rsdpg-256-balanced_clean/csprng_hash.c.o
[ 58%] Building C object src/sig/slh_dsa/CMakeFiles/slh_dsa_c.dir/wrappers/prehash_shake_128/slh_dsa_shake_128_prehash_shake_192f.c.o
[ 58%] Built target cross_rsdpg_128_small_clean
[ 58%] Building C object src/sig/cross/CMakeFiles/cross_rsdpg_256_fast_clean.dir/upcross_cross-rsdpg-256-fast_clean/csprng_hash.c.o
[ 58%] Building C object src/sig/cross/CMakeFiles/cross_rsdpg_256_small_clean.dir/sig_cross_rsdpg_256_small.c.o
[ 58%] Building C object src/sig/slh_dsa/CMakeFiles/slh_dsa_c.dir/wrappers/prehash_shake_128/slh_dsa_shake_128_prehash_shake_192s.c.o
[ 58%] Building C object src/sig/cross/CMakeFiles/cross_rsdpg_192_fast_clean.dir/upcross_cross-rsdpg-192-fast_clean/pack_unpack.c.o
[ 58%] Building C object src/sig/cross/CMakeFiles/cross_rsdpg_256_balanced_clean.dir/upcross_cross-rsdpg-256-balanced_clean/merkle.c.o
[ 58%] Building C object src/sig/cross/CMakeFiles/cross_rsdpg_256_balanced_clean.dir/upcross_cross-rsdpg-256-balanced_clean/pack_unpack.c.o
[ 58%] Building C object src/sig/cross/CMakeFiles/cross_rsdpg_192_small_clean.dir/upcross_cross-rsdpg-192-small_clean/pack_unpack.c.o
[ 58%] Building C object src/sig/cross/CMakeFiles/cross_rsdpg_256_small_clean.dir/upcross_cross-rsdpg-256-small_clean/CROSS.c.o
[ 58%] Building C object src/sig/slh_dsa/CMakeFiles/slh_dsa_c.dir/wrappers/prehash_shake_128/slh_dsa_shake_128_prehash_shake_256f.c.o
[ 58%] Building C object src/sig/slh_dsa/CMakeFiles/slh_dsa_c.dir/wrappers/prehash_shake_128/slh_dsa_shake_128_prehash_shake_256s.c.o
[ 58%] Building C object src/sig/cross/CMakeFiles/cross_rsdpg_256_small_clean.dir/upcross_cross-rsdpg-256-small_clean/csprng_hash.c.o
[ 58%] Building C object src/sig/cross/CMakeFiles/cross_rsdpg_192_balanced_clean.dir/upcross_cross-rsdpg-192-balanced_clean/sign.c.o
[ 58%] Building C object src/sig/cross/CMakeFiles/cross_rsdpg_192_fast_clean.dir/upcross_cross-rsdpg-192-fast_clean/seedtree.c.o
[ 58%] Built target cross_rsdpg_192_balanced_clean
[ 58%] Building C object src/sig/uov/CMakeFiles/uov_ov_Is_ref.dir/sig_uov_ov_Is.c.o
[ 58%] Building C object src/sig/cross/CMakeFiles/cross_rsdpg_256_fast_clean.dir/upcross_cross-rsdpg-256-fast_clean/merkle.c.o
[ 58%] Building C object src/sig/uov/CMakeFiles/uov_ov_Is_ref.dir/pqov_ov_Is_ref/blas_matrix.c.o
[ 58%] Building C object src/sig/slh_dsa/CMakeFiles/slh_dsa_c.dir/wrappers/prehash_shake_256/slh_dsa_shake_256_prehash_sha2_128f.c.o
[ 58%] Building C object src/sig/uov/CMakeFiles/uov_ov_Ip_ref.dir/sig_uov_ov_Ip.c.o
[ 58%] Building C object src/sig/cross/CMakeFiles/cross_rsdpg_256_balanced_clean.dir/upcross_cross-rsdpg-256-balanced_clean/seedtree.c.o
[ 58%] Building C object src/sig/uov/CMakeFiles/uov_ov_III_ref.dir/sig_uov_ov_III.c.o
[ 58%] Building C object src/sig/uov/CMakeFiles/uov_ov_Is_ref.dir/pqov_ov_Is_ref/blas_matrix_ref.c.o
[ 58%] Building C object src/sig/cross/CMakeFiles/cross_rsdpg_192_fast_clean.dir/upcross_cross-rsdpg-192-fast_clean/sign.c.o
[ 58%] Building C object src/sig/uov/CMakeFiles/uov_ov_III_ref.dir/pqov_ov_III_ref/blas_matrix.c.o
[ 58%] Building C object src/sig/slh_dsa/CMakeFiles/slh_dsa_c.dir/wrappers/prehash_shake_256/slh_dsa_shake_256_prehash_sha2_128s.c.o
[ 58%] Building C object src/sig/uov/CMakeFiles/uov_ov_Ip_ref.dir/pqov_ov_Ip_ref/blas_matrix.c.o
[ 58%] Built target cross_rsdpg_192_fast_clean
[ 58%] Building C object src/sig/cross/CMakeFiles/cross_rsdpg_256_small_clean.dir/upcross_cross-rsdpg-256-small_clean/merkle.c.o
[ 58%] Building C object src/sig/uov/CMakeFiles/uov_ov_III_ref.dir/pqov_ov_III_ref/blas_matrix_ref.c.o
[ 58%] Building C object src/sig/cross/CMakeFiles/cross_rsdpg_192_small_clean.dir/upcross_cross-rsdpg-192-small_clean/seedtree.c.o
[ 58%] Building C object src/sig/uov/CMakeFiles/uov_ov_Ip_ref.dir/pqov_ov_Ip_ref/blas_matrix_ref.c.o
[ 59%] Building C object src/sig/slh_dsa/CMakeFiles/slh_dsa_c.dir/wrappers/prehash_shake_256/slh_dsa_shake_256_prehash_sha2_192f.c.o
[ 59%] Building C object src/sig/uov/CMakeFiles/uov_ov_Is_ref.dir/pqov_ov_Is_ref/ov.c.o
[ 59%] Building C object src/sig/cross/CMakeFiles/cross_rsdpg_256_fast_clean.dir/upcross_cross-rsdpg-256-fast_clean/pack_unpack.c.o
[ 59%] Building C object src/sig/cross/CMakeFiles/cross_rsdpg_192_small_clean.dir/upcross_cross-rsdpg-192-small_clean/sign.c.o
[ 59%] Building C object src/sig/slh_dsa/CMakeFiles/slh_dsa_c.dir/wrappers/prehash_shake_256/slh_dsa_shake_256_prehash_sha2_192s.c.o
[ 59%] Building C object src/sig/uov/CMakeFiles/uov_ov_Is_ref.dir/pqov_ov_Is_ref/ov_keypair.c.o
[ 59%] Building C object src/sig/uov/CMakeFiles/uov_ov_V_ref.dir/sig_uov_ov_V.c.o
[ 59%] Built target cross_rsdpg_192_small_clean
[ 59%] Building C object src/sig/cross/CMakeFiles/cross_rsdpg_256_small_clean.dir/upcross_cross-rsdpg-256-small_clean/pack_unpack.c.o
[ 59%] Building C object src/sig/slh_dsa/CMakeFiles/slh_dsa_c.dir/wrappers/prehash_shake_256/slh_dsa_shake_256_prehash_sha2_256f.c.o
[ 59%] Building C object src/sig/cross/CMakeFiles/cross_rsdpg_256_balanced_clean.dir/upcross_cross-rsdpg-256-balanced_clean/sign.c.o
[ 59%] Building C object src/sig/cross/CMakeFiles/cross_rsdpg_256_small_clean.dir/upcross_cross-rsdpg-256-small_clean/seedtree.c.o
[ 60%] Building C object src/sig/uov/CMakeFiles/uov_ov_V_ref.dir/pqov_ov_V_ref/blas_matrix.c.o
[ 60%] Building C object src/sig/uov/CMakeFiles/uov_ov_V_ref.dir/pqov_ov_V_ref/blas_matrix_ref.c.o
[ 60%] Built target cross_rsdpg_256_balanced_clean
[ 60%] Building C object src/sig/uov/CMakeFiles/uov_ov_Ip_ref.dir/pqov_ov_Ip_ref/ov.c.o
[ 60%] Building C object src/sig/cross/CMakeFiles/cross_rsdpg_256_fast_clean.dir/upcross_cross-rsdpg-256-fast_clean/seedtree.c.o
[ 60%] Building C object src/sig/slh_dsa/CMakeFiles/slh_dsa_c.dir/wrappers/prehash_shake_256/slh_dsa_shake_256_prehash_sha2_256s.c.o
[ 60%] Built target xkcp_low_keccakp_1600_plain64
[ 60%] Building C object src/sig/uov/CMakeFiles/uov_ov_III_ref.dir/pqov_ov_III_ref/ov.c.o
[ 60%] Building C object src/sig/uov/CMakeFiles/uov_ov_Is_ref.dir/pqov_ov_Is_ref/ov_keypair_computation.c.o
[ 61%] Building C object src/sig/cross/CMakeFiles/cross_rsdpg_256_small_clean.dir/upcross_cross-rsdpg-256-small_clean/sign.c.o
[ 61%] Building C object src/sig/cross/CMakeFiles/cross_rsdpg_256_fast_clean.dir/upcross_cross-rsdpg-256-fast_clean/sign.c.o
[ 61%] Building C object src/sig/slh_dsa/CMakeFiles/slh_dsa_c.dir/wrappers/prehash_shake_256/slh_dsa_shake_256_prehash_shake_128f.c.o
[ 61%] Building C object src/sig/uov/CMakeFiles/uov_ov_Is_ref.dir/pqov_ov_Is_ref/ov_publicmap.c.o
[ 61%] Building C object src/sig/uov/CMakeFiles/uov_ov_V_ref.dir/pqov_ov_V_ref/ov.c.o
[ 61%] Building C object src/sig/uov/CMakeFiles/uov_ov_III_ref.dir/pqov_ov_III_ref/ov_keypair.c.o
[ 61%] Building C object src/sig/uov/CMakeFiles/uov_ov_Ip_ref.dir/pqov_ov_Ip_ref/ov_keypair.c.o
[ 61%] Building C object src/sig/uov/CMakeFiles/uov_ov_Is_pkc_ref.dir/sig_uov_ov_Is_pkc.c.o
[ 61%] Building C object src/sig/slh_dsa/CMakeFiles/slh_dsa_c.dir/wrappers/prehash_shake_256/slh_dsa_shake_256_prehash_shake_128s.c.o
[ 61%] Built target cross_rsdpg_256_fast_clean
[ 61%] Built target cross_rsdpg_256_small_clean
[ 61%] Building C object src/sig/uov/CMakeFiles/uov_ov_V_ref.dir/pqov_ov_V_ref/ov_keypair.c.o
[ 61%] Building C object src/sig/uov/CMakeFiles/uov_ov_Is_ref.dir/pqov_ov_Is_ref/parallel_matrix_op.c.o
[ 61%] Building C object src/sig/uov/CMakeFiles/uov_ov_Is_pkc_ref.dir/pqov_ov_Is_pkc_ref/blas_matrix.c.o
[ 61%] Building C object src/sig/uov/CMakeFiles/uov_ov_III_ref.dir/pqov_ov_III_ref/ov_keypair_computation.c.o
[ 61%] Building C object src/sig/slh_dsa/CMakeFiles/slh_dsa_c.dir/wrappers/prehash_shake_256/slh_dsa_shake_256_prehash_shake_192f.c.o
[ 61%] Building C object src/sig/uov/CMakeFiles/uov_ov_Ip_pkc_ref.dir/sig_uov_ov_Ip_pkc.c.o
[ 61%] Building C object src/sig/uov/CMakeFiles/uov_ov_Is_ref.dir/pqov_ov_Is_ref/sign.c.o
[ 61%] Building C object src/sig/uov/CMakeFiles/uov_ov_Ip_ref.dir/pqov_ov_Ip_ref/ov_keypair_computation.c.o
[ 61%] Building C object src/sig/uov/CMakeFiles/uov_ov_Is_pkc_ref.dir/pqov_ov_Is_pkc_ref/blas_matrix_ref.c.o
[ 61%] Building C object src/sig/uov/CMakeFiles/uov_ov_Ip_pkc_ref.dir/pqov_ov_Ip_pkc_ref/blas_matrix.c.o
[ 61%] Building C object src/sig/uov/CMakeFiles/uov_ov_III_ref.dir/pqov_ov_III_ref/ov_publicmap.c.o
[ 61%] Building C object src/sig/slh_dsa/CMakeFiles/slh_dsa_c.dir/wrappers/prehash_shake_256/slh_dsa_shake_256_prehash_shake_192s.c.o
[ 61%] Building C object src/sig/uov/CMakeFiles/uov_ov_Ip_pkc_ref.dir/pqov_ov_Ip_pkc_ref/blas_matrix_ref.c.o
[ 61%] Building C object src/sig/uov/CMakeFiles/uov_ov_V_ref.dir/pqov_ov_V_ref/ov_keypair_computation.c.o
[ 61%] Building C object src/sig/uov/CMakeFiles/uov_ov_III_pkc_ref.dir/sig_uov_ov_III_pkc.c.o
[ 62%] Building C object src/sig/uov/CMakeFiles/uov_ov_V_pkc_ref.dir/sig_uov_ov_V_pkc.c.o
[ 62%] Building C object src/sig/uov/CMakeFiles/uov_ov_Ip_pkc_ref.dir/pqov_ov_Ip_pkc_ref/ov.c.o
[ 62%] Building C object src/sig/slh_dsa/CMakeFiles/slh_dsa_c.dir/wrappers/prehash_shake_256/slh_dsa_shake_256_prehash_shake_256f.c.o
[ 62%] Building C object src/sig/uov/CMakeFiles/uov_ov_Ip_pkc_ref.dir/pqov_ov_Ip_pkc_ref/ov_keypair.c.o
[ 62%] Building C object src/sig/uov/CMakeFiles/uov_ov_Ip_ref.dir/pqov_ov_Ip_ref/ov_publicmap.c.o
[ 62%] Building C object src/sig/uov/CMakeFiles/uov_ov_III_pkc_ref.dir/pqov_ov_III_pkc_ref/blas_matrix.c.o
[ 62%] Building C object src/sig/uov/CMakeFiles/uov_ov_V_pkc_ref.dir/pqov_ov_V_pkc_ref/blas_matrix.c.o
[ 62%] Building C object src/sig/uov/CMakeFiles/uov_ov_III_pkc_ref.dir/pqov_ov_III_pkc_ref/blas_matrix_ref.c.o
[ 62%] Building C object src/sig/slh_dsa/CMakeFiles/slh_dsa_c.dir/wrappers/prehash_shake_256/slh_dsa_shake_256_prehash_shake_256s.c.o
[ 62%] Building C object src/sig/uov/CMakeFiles/uov_ov_V_pkc_ref.dir/pqov_ov_V_pkc_ref/blas_matrix_ref.c.o
[ 62%] Building C object src/sig/uov/CMakeFiles/uov_ov_Ip_ref.dir/pqov_ov_Ip_ref/parallel_matrix_op.c.o
[ 62%] Building C object src/sig/uov/CMakeFiles/uov_ov_III_ref.dir/pqov_ov_III_ref/parallel_matrix_op.c.o
[ 62%] Building C object src/sig/uov/CMakeFiles/uov_ov_Is_ref.dir/pqov_ov_Is_ref/utils_hash.c.o
[ 62%] Building C object src/sig/slh_dsa/CMakeFiles/slh_dsa_c.dir/wrappers/pure/slh_dsa_pure_sha2_128f.c.o
[ 62%] Building C object src/sig/uov/CMakeFiles/uov_ov_Is_pkc_ref.dir/pqov_ov_Is_pkc_ref/ov.c.o
[ 62%] Building C object src/sig/uov/CMakeFiles/uov_ov_Is_ref.dir/pqov_ov_Is_ref/utils_prng.c.o
[ 62%] Building C object src/sig/slh_dsa/CMakeFiles/slh_dsa_c.dir/wrappers/pure/slh_dsa_pure_sha2_128s.c.o
[ 62%] Building C object src/sig/uov/CMakeFiles/uov_ov_Is_ref.dir/pqov_ov_Is_ref/utils_randombytes.c.o
[ 62%] Building C object src/sig/uov/CMakeFiles/uov_ov_V_pkc_ref.dir/pqov_ov_V_pkc_ref/ov.c.o
[ 62%] Building C object src/sig/uov/CMakeFiles/uov_ov_Is_pkc_ref.dir/pqov_ov_Is_pkc_ref/ov_keypair.c.o
[ 62%] Built target uov_ov_Is_ref
[ 62%] Building C object src/sig/slh_dsa/CMakeFiles/slh_dsa_c.dir/wrappers/pure/slh_dsa_pure_sha2_192f.c.o
[ 62%] Building C object src/sig/uov/CMakeFiles/uov_ov_V_ref.dir/pqov_ov_V_ref/ov_publicmap.c.o
[ 62%] Building C object src/sig/uov/CMakeFiles/uov_ov_Ip_pkc_ref.dir/pqov_ov_Ip_pkc_ref/ov_keypair_computation.c.o
[ 62%] Building C object src/sig/uov/CMakeFiles/uov_ov_Is_pkc_ref.dir/pqov_ov_Is_pkc_ref/ov_keypair_computation.c.o
[ 62%] Building C object src/sig/uov/CMakeFiles/uov_ov_Ip_ref.dir/pqov_ov_Ip_ref/sign.c.o
[ 63%] Building C object src/sig/slh_dsa/CMakeFiles/slh_dsa_c.dir/wrappers/pure/slh_dsa_pure_sha2_192s.c.o
[ 63%] Building C object src/sig/uov/CMakeFiles/uov_ov_III_pkc_ref.dir/pqov_ov_III_pkc_ref/ov.c.o
[ 63%] Building C object src/sig/uov/CMakeFiles/uov_ov_Is_pkc_ref.dir/pqov_ov_Is_pkc_ref/ov_publicmap.c.o
[ 63%] Building C object src/sig/uov/CMakeFiles/uov_ov_Is_pkc_ref.dir/pqov_ov_Is_pkc_ref/parallel_matrix_op.c.o
[ 63%] Building C object src/sig/uov/CMakeFiles/uov_ov_Is_pkc_skc_ref.dir/sig_uov_ov_Is_pkc_skc.c.o
[ 63%] Building C object src/sig/slh_dsa/CMakeFiles/slh_dsa_c.dir/wrappers/pure/slh_dsa_pure_sha2_256f.c.o
[ 63%] Building C object src/sig/uov/CMakeFiles/uov_ov_V_pkc_ref.dir/pqov_ov_V_pkc_ref/ov_keypair.c.o
[ 63%] Building C object src/sig/uov/CMakeFiles/uov_ov_Is_pkc_ref.dir/pqov_ov_Is_pkc_ref/sign.c.o
[ 64%] Building C object src/sig/uov/CMakeFiles/uov_ov_III_ref.dir/pqov_ov_III_ref/sign.c.o
[ 64%] Building C object src/sig/uov/CMakeFiles/uov_ov_Is_pkc_skc_ref.dir/pqov_ov_Is_pkc_skc_ref/blas_matrix.c.o
[ 64%] Building C object src/sig/slh_dsa/CMakeFiles/slh_dsa_c.dir/wrappers/pure/slh_dsa_pure_sha2_256s.c.o
[ 64%] Building C object src/sig/uov/CMakeFiles/uov_ov_V_ref.dir/pqov_ov_V_ref/parallel_matrix_op.c.o
[ 64%] Building C object src/sig/uov/CMakeFiles/uov_ov_Ip_pkc_ref.dir/pqov_ov_Ip_pkc_ref/ov_publicmap.c.o
[ 64%] Building C object src/sig/uov/CMakeFiles/uov_ov_Ip_ref.dir/pqov_ov_Ip_ref/utils_hash.c.o
[ 64%] Building C object src/sig/uov/CMakeFiles/uov_ov_Is_pkc_skc_ref.dir/pqov_ov_Is_pkc_skc_ref/blas_matrix_ref.c.o
[ 64%] Building C object src/sig/uov/CMakeFiles/uov_ov_III_ref.dir/pqov_ov_III_ref/utils_hash.c.o
[ 65%] Building C object src/sig/uov/CMakeFiles/uov_ov_Ip_ref.dir/pqov_ov_Ip_ref/utils_prng.c.o
[ 65%] Building C object src/sig/slh_dsa/CMakeFiles/slh_dsa_c.dir/wrappers/pure/slh_dsa_pure_shake_128f.c.o
[ 65%] Building C object src/sig/uov/CMakeFiles/uov_ov_Is_pkc_ref.dir/pqov_ov_Is_pkc_ref/utils_hash.c.o
[ 65%] Building C object src/sig/uov/CMakeFiles/uov_ov_III_ref.dir/pqov_ov_III_ref/utils_prng.c.o
[ 65%] Building C object src/sig/slh_dsa/CMakeFiles/slh_dsa_c.dir/wrappers/pure/slh_dsa_pure_shake_128s.c.o
[ 65%] Building C object src/sig/uov/CMakeFiles/uov_ov_Ip_ref.dir/pqov_ov_Ip_ref/utils_randombytes.c.o
[ 65%] Building C object src/sig/uov/CMakeFiles/uov_ov_III_ref.dir/pqov_ov_III_ref/utils_randombytes.c.o
[ 65%] Building C object src/sig/uov/CMakeFiles/uov_ov_Ip_pkc_skc_ref.dir/sig_uov_ov_Ip_pkc_skc.c.o
[ 65%] Building C object src/sig/uov/CMakeFiles/uov_ov_III_pkc_ref.dir/pqov_ov_III_pkc_ref/ov_keypair.c.o
[ 65%] Built target uov_ov_Ip_ref
[ 65%] Building C object src/sig/uov/CMakeFiles/uov_ov_V_pkc_ref.dir/pqov_ov_V_pkc_ref/ov_keypair_computation.c.o
[ 65%] Built target uov_ov_III_ref
[ 65%] Building C object src/sig/uov/CMakeFiles/uov_ov_V_pkc_ref.dir/pqov_ov_V_pkc_ref/ov_publicmap.c.o
[ 65%] Building C object src/sig/slh_dsa/CMakeFiles/slh_dsa_c.dir/wrappers/pure/slh_dsa_pure_shake_192f.c.o
[ 65%] Building C object src/sig/uov/CMakeFiles/uov_ov_Ip_pkc_skc_ref.dir/pqov_ov_Ip_pkc_skc_ref/blas_matrix.c.o
[ 65%] Building C object src/sig/uov/CMakeFiles/uov_ov_III_pkc_ref.dir/pqov_ov_III_pkc_ref/ov_keypair_computation.c.o
[ 65%] Building C object src/sig/uov/CMakeFiles/uov_ov_Is_pkc_ref.dir/pqov_ov_Is_pkc_ref/utils_prng.c.o
[ 65%] Building C object src/sig/uov/CMakeFiles/uov_ov_Is_pkc_skc_ref.dir/pqov_ov_Is_pkc_skc_ref/ov.c.o
[ 65%] Building C object src/sig/uov/CMakeFiles/uov_ov_Ip_pkc_ref.dir/pqov_ov_Ip_pkc_ref/parallel_matrix_op.c.o
[ 65%] Building C object src/sig/uov/CMakeFiles/uov_ov_Ip_pkc_skc_ref.dir/pqov_ov_Ip_pkc_skc_ref/blas_matrix_ref.c.o
[ 65%] Building C object src/sig/uov/CMakeFiles/uov_ov_Ip_pkc_skc_ref.dir/pqov_ov_Ip_pkc_skc_ref/ov.c.o
[ 65%] Building C object src/sig/uov/CMakeFiles/uov_ov_III_pkc_skc_ref.dir/sig_uov_ov_III_pkc_skc.c.o
[ 65%] Building C object src/sig/slh_dsa/CMakeFiles/slh_dsa_c.dir/wrappers/pure/slh_dsa_pure_shake_192s.c.o
[ 65%] Building C object src/sig/uov/CMakeFiles/uov_ov_III_pkc_ref.dir/pqov_ov_III_pkc_ref/ov_publicmap.c.o
[ 66%] Building C object src/sig/uov/CMakeFiles/uov_ov_Is_pkc_ref.dir/pqov_ov_Is_pkc_ref/utils_randombytes.c.o
[ 67%] Building C object src/sig/uov/CMakeFiles/uov_ov_III_pkc_ref.dir/pqov_ov_III_pkc_ref/parallel_matrix_op.c.o
[ 67%] Building C object src/sig/uov/CMakeFiles/uov_ov_III_pkc_skc_ref.dir/pqov_ov_III_pkc_skc_ref/blas_matrix.c.o
[ 67%] Built target uov_ov_Is_pkc_ref
[ 67%] Building C object src/sig/slh_dsa/CMakeFiles/slh_dsa_c.dir/wrappers/pure/slh_dsa_pure_shake_256f.c.o
[ 67%] Building C object src/sig/uov/CMakeFiles/uov_ov_V_pkc_ref.dir/pqov_ov_V_pkc_ref/parallel_matrix_op.c.o
[ 67%] Building C object src/sig/uov/CMakeFiles/uov_ov_V_ref.dir/pqov_ov_V_ref/sign.c.o
[ 67%] Building C object src/sig/slh_dsa/CMakeFiles/slh_dsa_c.dir/wrappers/pure/slh_dsa_pure_shake_256s.c.o
[ 67%] Building C object src/sig/uov/CMakeFiles/uov_ov_III_pkc_skc_ref.dir/pqov_ov_III_pkc_skc_ref/blas_matrix_ref.c.o
[ 67%] Building C object src/sig/uov/CMakeFiles/uov_ov_V_ref.dir/pqov_ov_V_ref/utils_hash.c.o
[ 67%] Building C object src/sig/uov/CMakeFiles/uov_ov_III_pkc_ref.dir/pqov_ov_III_pkc_ref/sign.c.o
[ 67%] Building C object src/sig/uov/CMakeFiles/uov_ov_Is_pkc_skc_ref.dir/pqov_ov_Is_pkc_skc_ref/ov_keypair.c.o
[ 67%] Building C object src/sig/uov/CMakeFiles/uov_ov_V_ref.dir/pqov_ov_V_ref/utils_prng.c.o
[ 67%] Built target slh_dsa_c
[ 67%] Building C object src/sig/uov/CMakeFiles/uov_ov_Ip_pkc_skc_ref.dir/pqov_ov_Ip_pkc_skc_ref/ov_keypair.c.o
[ 68%] Building C object src/sig/uov/CMakeFiles/uov_ov_V_pkc_skc_ref.dir/sig_uov_ov_V_pkc_skc.c.o
[ 68%] Building C object src/sig/uov/CMakeFiles/uov_ov_Is_pkc_skc_ref.dir/pqov_ov_Is_pkc_skc_ref/ov_keypair_computation.c.o
[ 68%] Building C object src/sig/uov/CMakeFiles/uov_ov_V_ref.dir/pqov_ov_V_ref/utils_randombytes.c.o
[ 68%] Building C object src/sig/uov/CMakeFiles/uov_ov_Is_pkc_skc_ref.dir/pqov_ov_Is_pkc_skc_ref/ov_publicmap.c.o
[ 68%] Building C object src/sig/uov/CMakeFiles/uov_ov_III_pkc_ref.dir/pqov_ov_III_pkc_ref/utils_hash.c.o
[ 68%] Building C object src/sig/uov/CMakeFiles/uov_ov_V_pkc_ref.dir/pqov_ov_V_pkc_ref/sign.c.o
[ 68%] Built target uov_ov_V_ref
[ 68%] Building C object src/sig/uov/CMakeFiles/uov_ov_V_pkc_skc_ref.dir/pqov_ov_V_pkc_skc_ref/blas_matrix.c.o
[ 68%] Building C object src/sig/uov/CMakeFiles/uov_ov_V_pkc_skc_ref.dir/pqov_ov_V_pkc_skc_ref/blas_matrix_ref.c.o
[ 68%] Building C object src/sig/uov/CMakeFiles/uov_ov_III_pkc_ref.dir/pqov_ov_III_pkc_ref/utils_prng.c.o
[ 68%] Building C object src/sig/uov/CMakeFiles/uov_ov_Ip_pkc_ref.dir/pqov_ov_Ip_pkc_ref/sign.c.o
[ 68%] Building C object src/sig/uov/CMakeFiles/uov_ov_III_pkc_skc_ref.dir/pqov_ov_III_pkc_skc_ref/ov.c.o
[ 68%] Building C object src/sig/uov/CMakeFiles/uov_ov_V_pkc_ref.dir/pqov_ov_V_pkc_ref/utils_hash.c.o
[ 68%] Building C object src/sig/uov/CMakeFiles/uov_ov_Ip_pkc_skc_ref.dir/pqov_ov_Ip_pkc_skc_ref/ov_keypair_computation.c.o
[ 68%] Building C object src/sig/uov/CMakeFiles/uov_ov_Is_pkc_skc_ref.dir/pqov_ov_Is_pkc_skc_ref/parallel_matrix_op.c.o
[ 69%] Building C object src/sig/uov/CMakeFiles/uov_ov_Ip_pkc_ref.dir/pqov_ov_Ip_pkc_ref/utils_hash.c.o
[ 69%] Building C object src/sig/uov/CMakeFiles/uov_ov_Ip_pkc_ref.dir/pqov_ov_Ip_pkc_ref/utils_prng.c.o
[ 69%] Building C object src/sig/uov/CMakeFiles/uov_ov_V_pkc_skc_ref.dir/pqov_ov_V_pkc_skc_ref/ov.c.o
[ 69%] Building C object src/sig/uov/CMakeFiles/uov_ov_III_pkc_skc_ref.dir/pqov_ov_III_pkc_skc_ref/ov_keypair.c.o
[ 69%] Building C object src/sig/uov/CMakeFiles/uov_ov_V_pkc_skc_ref.dir/pqov_ov_V_pkc_skc_ref/ov_keypair.c.o
[ 69%] Building C object src/sig/uov/CMakeFiles/uov_ov_V_pkc_ref.dir/pqov_ov_V_pkc_ref/utils_prng.c.o
[ 69%] Building C object src/sig/uov/CMakeFiles/uov_ov_V_pkc_skc_ref.dir/pqov_ov_V_pkc_skc_ref/ov_keypair_computation.c.o
[ 69%] Building C object src/sig/uov/CMakeFiles/uov_ov_Ip_pkc_ref.dir/pqov_ov_Ip_pkc_ref/utils_randombytes.c.o
[ 69%] Building C object src/sig/uov/CMakeFiles/uov_ov_III_pkc_ref.dir/pqov_ov_III_pkc_ref/utils_randombytes.c.o
[ 69%] Building C object src/sig/uov/CMakeFiles/uov_ov_V_pkc_ref.dir/pqov_ov_V_pkc_ref/utils_randombytes.c.o
[ 69%] Building C object src/sig/uov/CMakeFiles/uov_ov_Is_pkc_skc_ref.dir/pqov_ov_Is_pkc_skc_ref/utils_hash.c.o
[ 69%] Building C object src/sig/uov/CMakeFiles/uov_ov_V_pkc_skc_ref.dir/pqov_ov_V_pkc_skc_ref/ov_publicmap.c.o
[ 69%] Building C object src/sig/uov/CMakeFiles/uov_ov_Is_pkc_skc_ref.dir/pqov_ov_Is_pkc_skc_ref/sign.c.o
[ 69%] Building C object src/sig/uov/CMakeFiles/uov_ov_Ip_pkc_skc_ref.dir/pqov_ov_Ip_pkc_skc_ref/ov_publicmap.c.o
[ 69%] Built target uov_ov_Ip_pkc_ref
[ 69%] Building C object src/sig/uov/CMakeFiles/uov_ov_V_pkc_skc_ref.dir/pqov_ov_V_pkc_skc_ref/parallel_matrix_op.c.o
[ 69%] Built target uov_ov_V_pkc_ref
[ 69%] Built target uov_ov_III_pkc_ref
[ 69%] Building C object src/sig/uov/CMakeFiles/uov_ov_Is_pkc_skc_ref.dir/pqov_ov_Is_pkc_skc_ref/utils_prng.c.o
[ 69%] Building C object src/sig/uov/CMakeFiles/uov_ov_III_pkc_skc_ref.dir/pqov_ov_III_pkc_skc_ref/ov_keypair_computation.c.o
[ 69%] Building C object src/sig/uov/CMakeFiles/uov_ov_V_pkc_skc_ref.dir/pqov_ov_V_pkc_skc_ref/sign.c.o
[ 69%] Building C object src/sig/snova/CMakeFiles/snova_SNOVA_24_5_4_opt.dir/sig_snova_SNOVA_24_5_4.c.o
[ 69%] Building C object src/sig/snova/CMakeFiles/snova_SNOVA_24_5_4_opt.dir/snova_SNOVA_24_5_4_opt/oqs_snova.c.o
[ 69%] Building C object src/sig/snova/CMakeFiles/snova_SNOVA_24_5_4_opt.dir/snova_SNOVA_24_5_4_opt/snova.c.o
[ 70%] Building C object src/sig/uov/CMakeFiles/uov_ov_Is_pkc_skc_ref.dir/pqov_ov_Is_pkc_skc_ref/utils_randombytes.c.o
[ 70%] Building C object src/sig/uov/CMakeFiles/uov_ov_III_pkc_skc_ref.dir/pqov_ov_III_pkc_skc_ref/ov_publicmap.c.o
[ 70%] Building C object src/sig/uov/CMakeFiles/uov_ov_III_pkc_skc_ref.dir/pqov_ov_III_pkc_skc_ref/parallel_matrix_op.c.o
[ 70%] Building C object src/sig/uov/CMakeFiles/uov_ov_V_pkc_skc_ref.dir/pqov_ov_V_pkc_skc_ref/utils_hash.c.o
[ 70%] Building C object src/sig/snova/CMakeFiles/snova_SNOVA_24_5_4_SHAKE_opt.dir/sig_snova_SNOVA_24_5_4_SHAKE.c.o
[ 70%] Building C object src/sig/snova/CMakeFiles/snova_SNOVA_24_5_4_esk_opt.dir/sig_snova_SNOVA_24_5_4_esk.c.o
[ 70%] Building C object src/sig/uov/CMakeFiles/uov_ov_V_pkc_skc_ref.dir/pqov_ov_V_pkc_skc_ref/utils_prng.c.o
[ 70%] Built target uov_ov_Is_pkc_skc_ref
[ 71%] Building C object src/sig/uov/CMakeFiles/uov_ov_III_pkc_skc_ref.dir/pqov_ov_III_pkc_skc_ref/sign.c.o
[ 71%] Building C object src/sig/snova/CMakeFiles/snova_SNOVA_24_5_4_SHAKE_opt.dir/snova_SNOVA_24_5_4_SHAKE_opt/oqs_snova.c.o
[ 71%] Building C object src/sig/uov/CMakeFiles/uov_ov_III_pkc_skc_ref.dir/pqov_ov_III_pkc_skc_ref/utils_hash.c.o
[ 71%] Building C object src/sig/snova/CMakeFiles/snova_SNOVA_24_5_4_esk_opt.dir/snova_SNOVA_24_5_4_esk_opt/oqs_snova.c.o
[ 71%] Building C object src/sig/snova/CMakeFiles/snova_SNOVA_24_5_4_SHAKE_esk_opt.dir/sig_snova_SNOVA_24_5_4_SHAKE_esk.c.o
[ 71%] Building C object src/sig/snova/CMakeFiles/snova_SNOVA_24_5_4_opt.dir/snova_SNOVA_24_5_4_opt/snova_aes.c.o
[ 71%] Building C object src/sig/snova/CMakeFiles/snova_SNOVA_37_17_2_opt.dir/sig_snova_SNOVA_37_17_2.c.o
[ 71%] Building C object src/sig/snova/CMakeFiles/snova_SNOVA_24_5_4_SHAKE_opt.dir/snova_SNOVA_24_5_4_SHAKE_opt/snova.c.o
[ 71%] Building C object src/sig/snova/CMakeFiles/snova_SNOVA_24_5_4_esk_opt.dir/snova_SNOVA_24_5_4_esk_opt/snova.c.o
[ 71%] Building C object src/sig/snova/CMakeFiles/snova_SNOVA_24_5_4_SHAKE_esk_opt.dir/snova_SNOVA_24_5_4_SHAKE_esk_opt/oqs_snova.c.o
[ 71%] Building C object src/sig/snova/CMakeFiles/snova_SNOVA_24_5_4_SHAKE_esk_opt.dir/snova_SNOVA_24_5_4_SHAKE_esk_opt/snova.c.o
[ 71%] Building C object src/sig/snova/CMakeFiles/snova_SNOVA_37_17_2_opt.dir/snova_SNOVA_37_17_2_opt/oqs_snova.c.o
[ 71%] Building C object src/sig/snova/CMakeFiles/snova_SNOVA_24_5_4_SHAKE_esk_opt.dir/snova_SNOVA_24_5_4_SHAKE_esk_opt/snova_aes.c.o
[ 71%] Building C object src/sig/uov/CMakeFiles/uov_ov_Ip_pkc_skc_ref.dir/pqov_ov_Ip_pkc_skc_ref/parallel_matrix_op.c.o
[ 71%] Building C object src/sig/snova/CMakeFiles/snova_SNOVA_24_5_4_SHAKE_opt.dir/snova_SNOVA_24_5_4_SHAKE_opt/snova_aes.c.o
[ 71%] Building C object src/sig/snova/CMakeFiles/snova_SNOVA_37_17_2_opt.dir/snova_SNOVA_37_17_2_opt/snova.c.o
[ 71%] Building C object src/sig/uov/CMakeFiles/uov_ov_III_pkc_skc_ref.dir/pqov_ov_III_pkc_skc_ref/utils_prng.c.o
[ 71%] Building C object src/sig/uov/CMakeFiles/uov_ov_V_pkc_skc_ref.dir/pqov_ov_V_pkc_skc_ref/utils_randombytes.c.o
[ 71%] Building C object src/sig/snova/CMakeFiles/snova_SNOVA_25_8_3_opt.dir/sig_snova_SNOVA_25_8_3.c.o
[ 71%] Built target uov_ov_V_pkc_skc_ref
[ 71%] Building C object src/sig/snova/CMakeFiles/snova_SNOVA_24_5_4_esk_opt.dir/snova_SNOVA_24_5_4_esk_opt/snova_aes.c.o
[ 71%] Building C object src/sig/uov/CMakeFiles/uov_ov_Ip_pkc_skc_ref.dir/pqov_ov_Ip_pkc_skc_ref/sign.c.o
[ 72%] Building C object src/sig/snova/CMakeFiles/snova_SNOVA_24_5_4_esk_opt.dir/snova_SNOVA_24_5_4_esk_opt/snova_common.c.o
[ 73%] Building C object src/sig/snova/CMakeFiles/snova_SNOVA_24_5_4_SHAKE_esk_opt.dir/snova_SNOVA_24_5_4_SHAKE_esk_opt/snova_common.c.o
[ 73%] Building C object src/sig/snova/CMakeFiles/snova_SNOVA_24_5_4_SHAKE_esk_opt.dir/snova_SNOVA_24_5_4_SHAKE_esk_opt/snova_shake.c.o
[ 73%] Building C object src/sig/snova/CMakeFiles/snova_SNOVA_25_8_3_opt.dir/snova_SNOVA_25_8_3_opt/oqs_snova.c.o
[ 73%] Building C object src/sig/snova/CMakeFiles/snova_SNOVA_24_5_4_SHAKE_opt.dir/snova_SNOVA_24_5_4_SHAKE_opt/snova_common.c.o
[ 73%] Building C object src/sig/snova/CMakeFiles/snova_SNOVA_24_5_4_opt.dir/snova_SNOVA_24_5_4_opt/snova_common.c.o
[ 73%] Building C object src/sig/uov/CMakeFiles/uov_ov_III_pkc_skc_ref.dir/pqov_ov_III_pkc_skc_ref/utils_randombytes.c.o
[ 73%] Building C object src/sig/snova/CMakeFiles/snova_SNOVA_25_8_3_opt.dir/snova_SNOVA_25_8_3_opt/snova.c.o
[ 73%] Building C object src/sig/snova/CMakeFiles/snova_SNOVA_37_17_2_opt.dir/snova_SNOVA_37_17_2_opt/snova_aes.c.o
[ 73%] Built target uov_ov_III_pkc_skc_ref
[ 74%] Building C object src/sig/uov/CMakeFiles/uov_ov_Ip_pkc_skc_ref.dir/pqov_ov_Ip_pkc_skc_ref/utils_hash.c.o
[ 74%] Building C object src/sig/snova/CMakeFiles/snova_SNOVA_56_25_2_opt.dir/sig_snova_SNOVA_56_25_2.c.o
[ 74%] Building C object src/sig/snova/CMakeFiles/snova_SNOVA_24_5_4_opt.dir/snova_SNOVA_24_5_4_opt/snova_shake.c.o
[ 74%] Building C object src/sig/snova/CMakeFiles/snova_SNOVA_25_8_3_opt.dir/snova_SNOVA_25_8_3_opt/snova_aes.c.o
[ 74%] Building C object src/sig/snova/CMakeFiles/snova_SNOVA_24_5_4_esk_opt.dir/snova_SNOVA_24_5_4_esk_opt/snova_shake.c.o
[ 74%] Building C object src/sig/snova/CMakeFiles/snova_SNOVA_24_5_4_SHAKE_opt.dir/snova_SNOVA_24_5_4_SHAKE_opt/snova_shake.c.o
[ 74%] Building C object src/sig/snova/CMakeFiles/snova_SNOVA_56_25_2_opt.dir/snova_SNOVA_56_25_2_opt/oqs_snova.c.o
[ 74%] Building C object src/sig/uov/CMakeFiles/uov_ov_Ip_pkc_skc_ref.dir/pqov_ov_Ip_pkc_skc_ref/utils_prng.c.o
[ 75%] Building C object src/sig/snova/CMakeFiles/snova_SNOVA_49_11_3_opt.dir/sig_snova_SNOVA_49_11_3.c.o
[ 75%] Building C object src/sig/snova/CMakeFiles/snova_SNOVA_37_17_2_opt.dir/snova_SNOVA_37_17_2_opt/snova_common.c.o
[ 75%] Building C object src/sig/uov/CMakeFiles/uov_ov_Ip_pkc_skc_ref.dir/pqov_ov_Ip_pkc_skc_ref/utils_randombytes.c.o
[ 75%] Building C object src/sig/snova/CMakeFiles/snova_SNOVA_56_25_2_opt.dir/snova_SNOVA_56_25_2_opt/snova.c.o
[ 75%] Building C object src/sig/snova/CMakeFiles/snova_SNOVA_25_8_3_opt.dir/snova_SNOVA_25_8_3_opt/snova_common.c.o
[ 75%] Built target uov_ov_Ip_pkc_skc_ref
[ 75%] Building C object src/sig/snova/CMakeFiles/snova_SNOVA_37_8_4_opt.dir/sig_snova_SNOVA_37_8_4.c.o
[ 75%] Building C object src/sig/snova/CMakeFiles/snova_SNOVA_49_11_3_opt.dir/snova_SNOVA_49_11_3_opt/oqs_snova.c.o
[ 75%] Building C object src/sig/snova/CMakeFiles/snova_SNOVA_37_17_2_opt.dir/snova_SNOVA_37_17_2_opt/snova_shake.c.o
[ 75%] Building C object src/sig/snova/CMakeFiles/snova_SNOVA_56_25_2_opt.dir/snova_SNOVA_56_25_2_opt/snova_aes.c.o
[ 75%] Building C object src/sig/snova/CMakeFiles/snova_SNOVA_37_8_4_opt.dir/snova_SNOVA_37_8_4_opt/oqs_snova.c.o
[ 75%] Building C object src/sig/snova/CMakeFiles/snova_SNOVA_49_11_3_opt.dir/snova_SNOVA_49_11_3_opt/snova.c.o
[ 75%] Building C object src/sig/snova/CMakeFiles/snova_SNOVA_37_8_4_opt.dir/snova_SNOVA_37_8_4_opt/snova.c.o
[ 75%] Building C object src/sig/snova/CMakeFiles/snova_SNOVA_24_5_5_opt.dir/sig_snova_SNOVA_24_5_5.c.o
[ 75%] Building C object src/sig/snova/CMakeFiles/snova_SNOVA_49_11_3_opt.dir/snova_SNOVA_49_11_3_opt/snova_aes.c.o
[ 75%] Building C object src/sig/snova/CMakeFiles/snova_SNOVA_60_10_4_opt.dir/sig_snova_SNOVA_60_10_4.c.o
[ 76%] Building C object src/sig/snova/CMakeFiles/snova_SNOVA_60_10_4_opt.dir/snova_SNOVA_60_10_4_opt/oqs_snova.c.o
[ 76%] Building C object src/sig/snova/CMakeFiles/snova_SNOVA_24_5_5_opt.dir/snova_SNOVA_24_5_5_opt/oqs_snova.c.o
[ 76%] Building C object src/sig/snova/CMakeFiles/snova_SNOVA_37_8_4_opt.dir/snova_SNOVA_37_8_4_opt/snova_aes.c.o
[ 76%] Building C object src/sig/snova/CMakeFiles/snova_SNOVA_60_10_4_opt.dir/snova_SNOVA_60_10_4_opt/snova.c.o
[ 76%] Building C object src/sig/snova/CMakeFiles/snova_SNOVA_24_5_5_opt.dir/snova_SNOVA_24_5_5_opt/snova.c.o
[ 76%] Building C object src/sig/snova/CMakeFiles/snova_SNOVA_56_25_2_opt.dir/snova_SNOVA_56_25_2_opt/snova_common.c.o
[ 76%] Building C object src/sig/snova/CMakeFiles/snova_SNOVA_25_8_3_opt.dir/snova_SNOVA_25_8_3_opt/snova_shake.c.o
[ 76%] Building C object src/sig/snova/CMakeFiles/snova_SNOVA_37_8_4_opt.dir/snova_SNOVA_37_8_4_opt/snova_common.c.o
[ 76%] Building C object src/sig/snova/CMakeFiles/snova_SNOVA_49_11_3_opt.dir/snova_SNOVA_49_11_3_opt/snova_common.c.o
[ 76%] Building C object src/sig/snova/CMakeFiles/snova_SNOVA_29_6_5_opt.dir/sig_snova_SNOVA_29_6_5.c.o
[ 76%] Building C object src/sig/snova/CMakeFiles/snova_SNOVA_29_6_5_opt.dir/snova_SNOVA_29_6_5_opt/oqs_snova.c.o
[ 76%] Building C object src/sig/snova/CMakeFiles/snova_SNOVA_29_6_5_opt.dir/snova_SNOVA_29_6_5_opt/snova.c.o
[ 76%] Building C object src/sig/snova/CMakeFiles/snova_SNOVA_56_25_2_opt.dir/snova_SNOVA_56_25_2_opt/snova_shake.c.o
[ 76%] Built target snova_SNOVA_56_25_2_opt
[ 76%] Building C object src/sig/snova/CMakeFiles/snova_SNOVA_60_10_4_opt.dir/snova_SNOVA_60_10_4_opt/snova_aes.c.o
[ 76%] Built target snova_SNOVA_37_17_2_opt
[ 76%] Building C object src/sig/snova/CMakeFiles/snova_SNOVA_24_5_5_opt.dir/snova_SNOVA_24_5_5_opt/snova_aes.c.o
[ 76%] Building C object src/sig/mqom/CMakeFiles/mqom_mqom2_cat1_gf16_fast_r3_default.dir/sig_mqom_mqom2_cat1_gf16_fast_r3.c.o
[ 76%] Building C object src/sig/snova/CMakeFiles/snova_SNOVA_37_8_4_opt.dir/snova_SNOVA_37_8_4_opt/snova_shake.c.o
[ 76%] Building C object src/sig/mqom/CMakeFiles/mqom_mqom2_cat1_gf16_fast_r3_default.dir/mqom_mqom_common/blc_default.c.o
[ 76%] Building C object src/sig/mqom/CMakeFiles/mqom_mqom2_cat1_gf16_fast_r3_default.dir/mqom_mqom_common/blc_memopt.c.o
[ 76%] Building C object src/sig/snova/CMakeFiles/snova_SNOVA_49_11_3_opt.dir/snova_SNOVA_49_11_3_opt/snova_shake.c.o
[ 76%] Building C object src/sig/snova/CMakeFiles/snova_SNOVA_29_6_5_opt.dir/snova_SNOVA_29_6_5_opt/snova_aes.c.o
[ 76%] Building C object src/sig/snova/CMakeFiles/snova_SNOVA_60_10_4_opt.dir/snova_SNOVA_60_10_4_opt/snova_common.c.o
[ 76%] Built target snova_SNOVA_24_5_4_opt
[ 76%] Building C object src/sig/mqom/CMakeFiles/mqom_mqom2_cat1_gf16_fast_r3_default.dir/mqom_mqom_common/blc_memopt_x1.c.o
[ 76%] Building C object src/sig/snova/CMakeFiles/snova_SNOVA_60_10_4_opt.dir/snova_SNOVA_60_10_4_opt/snova_shake.c.o
[ 76%] Building C object src/sig/snova/CMakeFiles/snova_SNOVA_24_5_5_opt.dir/snova_SNOVA_24_5_5_opt/snova_common.c.o
[ 76%] Building C object src/sig/snova/CMakeFiles/snova_SNOVA_29_6_5_opt.dir/snova_SNOVA_29_6_5_opt/snova_common.c.o
[ 76%] Building C object src/sig/mqom/CMakeFiles/mqom_mqom2_cat1_gf16_fast_r5_default.dir/sig_mqom_mqom2_cat1_gf16_fast_r5.c.o
[ 76%] Built target snova_SNOVA_24_5_4_SHAKE_opt
[ 77%] Building C object src/sig/snova/CMakeFiles/snova_SNOVA_24_5_5_opt.dir/snova_SNOVA_24_5_5_opt/snova_shake.c.o
[ 77%] Built target snova_SNOVA_24_5_4_SHAKE_esk_opt
[ 77%] Built target snova_SNOVA_24_5_4_esk_opt
[ 77%] Building C object src/sig/mqom/CMakeFiles/mqom_mqom2_cat1_gf16_short_r3_default.dir/sig_mqom_mqom2_cat1_gf16_short_r3.c.o
[ 77%] Building C object src/sig/mqom/CMakeFiles/mqom_mqom2_cat1_gf16_short_r5_default.dir/sig_mqom_mqom2_cat1_gf16_short_r5.c.o
[ 77%] Building C object src/sig/mqom/CMakeFiles/mqom_mqom2_cat1_gf16_fast_r3_default.dir/mqom_mqom_common/blc_memopt_x2.c.o
[ 78%] Building C object src/sig/mqom/CMakeFiles/mqom_mqom2_cat1_gf16_fast_r5_default.dir/mqom_mqom_common/blc_default.c.o
[ 78%] Building C object src/sig/mqom/CMakeFiles/mqom_mqom2_cat1_gf16_fast_r3_default.dir/mqom_mqom_common/blc_memopt_x4.c.o
[ 79%] Building C object src/sig/snova/CMakeFiles/snova_SNOVA_29_6_5_opt.dir/snova_SNOVA_29_6_5_opt/snova_shake.c.o
[ 79%] Building C object src/sig/mqom/CMakeFiles/mqom_mqom2_cat1_gf16_short_r3_default.dir/mqom_mqom_common/blc_default.c.o
[ 79%] Building C object src/sig/mqom/CMakeFiles/mqom_mqom2_cat1_gf16_short_r5_default.dir/mqom_mqom_common/blc_default.c.o
[ 79%] Building C object src/sig/mqom/CMakeFiles/mqom_mqom2_cat3_gf16_fast_r3_default.dir/sig_mqom_mqom2_cat3_gf16_fast_r3.c.o
[ 79%] Building C object src/sig/mqom/CMakeFiles/mqom_mqom2_cat3_gf16_fast_r3_default.dir/mqom_mqom_common/blc_default.c.o
[ 79%] Building C object src/sig/mqom/CMakeFiles/mqom_mqom2_cat3_gf16_fast_r5_default.dir/sig_mqom_mqom2_cat3_gf16_fast_r5.c.o
[ 80%] Building C object src/sig/mqom/CMakeFiles/mqom_mqom2_cat3_gf16_fast_r5_default.dir/mqom_mqom_common/blc_default.c.o
[ 80%] Built target snova_SNOVA_37_8_4_opt
[ 80%] Building C object src/sig/mqom/CMakeFiles/mqom_mqom2_cat1_gf16_short_r5_default.dir/mqom_mqom_common/blc_memopt.c.o
[ 80%] Building C object src/sig/mqom/CMakeFiles/mqom_mqom2_cat1_gf16_fast_r5_default.dir/mqom_mqom_common/blc_memopt.c.o
[ 80%] Building C object src/sig/mqom/CMakeFiles/mqom_mqom2_cat3_gf16_fast_r5_default.dir/mqom_mqom_common/blc_memopt.c.o
[ 80%] Building C object src/sig/mqom/CMakeFiles/mqom_mqom2_cat1_gf16_fast_r3_default.dir/mqom_mqom_common/crypto_sign.c.o
[ 80%] Building C object src/sig/mqom/CMakeFiles/mqom_mqom2_cat1_gf16_short_r5_default.dir/mqom_mqom_common/blc_memopt_x1.c.o
[ 80%] Built target snova_SNOVA_60_10_4_opt
[ 80%] Building C object src/sig/mqom/CMakeFiles/mqom_mqom2_cat1_gf16_fast_r3_default.dir/mqom_mqom_common/expand_mq.c.o
[ 80%] Building C object src/sig/mqom/CMakeFiles/mqom_mqom2_cat1_gf16_short_r3_default.dir/mqom_mqom_common/blc_memopt.c.o
[ 80%] Building C object src/sig/mqom/CMakeFiles/mqom_mqom2_cat1_gf16_fast_r5_default.dir/mqom_mqom_common/blc_memopt_x1.c.o
[ 80%] Building C object src/sig/mqom/CMakeFiles/mqom_mqom2_cat3_gf16_fast_r3_default.dir/mqom_mqom_common/blc_memopt.c.o
[ 80%] Built target snova_SNOVA_25_8_3_opt
[ 80%] Building C object src/sig/mqom/CMakeFiles/mqom_mqom2_cat1_gf16_short_r5_default.dir/mqom_mqom_common/blc_memopt_x2.c.o
[ 80%] Building C object src/sig/mqom/CMakeFiles/mqom_mqom2_cat1_gf16_fast_r3_default.dir/mqom_mqom_common/ggm_tree.c.o
[ 80%] Building C object src/sig/mqom/CMakeFiles/mqom_mqom2_cat1_gf16_short_r3_default.dir/mqom_mqom_common/blc_memopt_x1.c.o
[ 80%] Building C object src/sig/mqom/CMakeFiles/mqom_mqom2_cat1_gf16_fast_r5_default.dir/mqom_mqom_common/blc_memopt_x2.c.o
[ 80%] Building C object src/sig/mqom/CMakeFiles/mqom_mqom2_cat3_gf16_fast_r5_default.dir/mqom_mqom_common/blc_memopt_x1.c.o
[ 80%] Building C object src/sig/mqom/CMakeFiles/mqom_mqom2_cat1_gf16_short_r5_default.dir/mqom_mqom_common/blc_memopt_x4.c.o
[ 80%] Building C object src/sig/mqom/CMakeFiles/mqom_mqom2_cat3_gf16_short_r3_default.dir/sig_mqom_mqom2_cat3_gf16_short_r3.c.o
[ 80%] Building C object src/sig/mqom/CMakeFiles/mqom_mqom2_cat3_gf16_short_r3_default.dir/mqom_mqom_common/blc_default.c.o
[ 80%] Built target snova_SNOVA_49_11_3_opt
[ 80%] Building C object src/sig/mqom/CMakeFiles/mqom_mqom2_cat1_gf16_fast_r3_default.dir/mqom_mqom_common/keygen.c.o
[ 80%] Building C object src/sig/mqom/CMakeFiles/mqom_mqom2_cat1_gf16_short_r3_default.dir/mqom_mqom_common/blc_memopt_x2.c.o
[ 80%] Building C object src/sig/mqom/CMakeFiles/mqom_mqom2_cat3_gf16_fast_r3_default.dir/mqom_mqom_common/blc_memopt_x1.c.o
[ 80%] Building C object src/sig/mqom/CMakeFiles/mqom_mqom2_cat3_gf16_short_r3_default.dir/mqom_mqom_common/blc_memopt.c.o
[ 80%] Building C object src/sig/mqom/CMakeFiles/mqom_mqom2_cat1_gf16_fast_r5_default.dir/mqom_mqom_common/blc_memopt_x4.c.o
[ 80%] Building C object src/sig/mqom/CMakeFiles/mqom_mqom2_cat1_gf16_fast_r5_default.dir/mqom_mqom_common/crypto_sign.c.o
[ 80%] Building C object src/sig/mqom/CMakeFiles/mqom_mqom2_cat3_gf16_fast_r3_default.dir/mqom_mqom_common/blc_memopt_x2.c.o
[ 80%] Building C object src/sig/mqom/CMakeFiles/mqom_mqom2_cat3_gf16_fast_r3_default.dir/mqom_mqom_common/blc_memopt_x4.c.o
[ 80%] Building C object src/sig/mqom/CMakeFiles/mqom_mqom2_cat1_gf16_short_r5_default.dir/mqom_mqom_common/crypto_sign.c.o
[ 80%] Building C object src/sig/mqom/CMakeFiles/mqom_mqom2_cat3_gf16_fast_r5_default.dir/mqom_mqom_common/blc_memopt_x2.c.o
[ 81%] Building C object src/sig/mqom/CMakeFiles/mqom_mqom2_cat1_gf16_short_r3_default.dir/mqom_mqom_common/blc_memopt_x4.c.o
[ 81%] Building C object src/sig/mqom/CMakeFiles/mqom_mqom2_cat1_gf16_fast_r3_default.dir/mqom_mqom_common/piop_bitslice.c.o
[ 81%] Building C object src/sig/mqom/CMakeFiles/mqom_mqom2_cat1_gf16_short_r5_default.dir/mqom_mqom_common/expand_mq.c.o
[ 81%] Building C object src/sig/mqom/CMakeFiles/mqom_mqom2_cat3_gf16_short_r5_default.dir/sig_mqom_mqom2_cat3_gf16_short_r5.c.o
[ 81%] Building C object src/sig/mqom/CMakeFiles/mqom_mqom2_cat3_gf16_short_r5_default.dir/mqom_mqom_common/blc_default.c.o
[ 82%] Building C object src/sig/mqom/CMakeFiles/mqom_mqom2_cat1_gf16_short_r5_default.dir/mqom_mqom_common/ggm_tree.c.o
[ 82%] Building C object src/sig/mqom/CMakeFiles/mqom_mqom2_cat1_gf16_short_r5_default.dir/mqom_mqom_common/keygen.c.o
[ 82%] Building C object src/sig/mqom/CMakeFiles/mqom_mqom2_cat1_gf16_fast_r5_default.dir/mqom_mqom_common/expand_mq.c.o
[ 82%] Building C object src/sig/mqom/CMakeFiles/mqom_mqom2_cat3_gf16_fast_r5_default.dir/mqom_mqom_common/blc_memopt_x4.c.o
[ 82%] Building C object src/sig/mqom/CMakeFiles/mqom_mqom2_cat1_gf16_fast_r5_default.dir/mqom_mqom_common/ggm_tree.c.o
[ 82%] Building C object src/sig/mqom/CMakeFiles/mqom_mqom2_cat3_gf16_fast_r3_default.dir/mqom_mqom_common/crypto_sign.c.o
[ 82%] Building C object src/sig/mqom/CMakeFiles/mqom_mqom2_cat3_gf16_fast_r5_default.dir/mqom_mqom_common/crypto_sign.c.o
[ 82%] Building C object src/sig/mqom/CMakeFiles/mqom_mqom2_cat3_gf16_fast_r3_default.dir/mqom_mqom_common/expand_mq.c.o
[ 82%] Building C object src/sig/mqom/CMakeFiles/mqom_mqom2_cat1_gf16_short_r3_default.dir/mqom_mqom_common/crypto_sign.c.o
[ 82%] Building C object src/sig/mqom/CMakeFiles/mqom_mqom2_cat5_gf16_fast_r3_default.dir/sig_mqom_mqom2_cat5_gf16_fast_r3.c.o
[ 82%] Building C object src/sig/mqom/CMakeFiles/mqom_mqom2_cat3_gf16_short_r5_default.dir/mqom_mqom_common/blc_memopt.c.o
[ 82%] Building C object src/sig/mqom/CMakeFiles/mqom_mqom2_cat5_gf16_fast_r3_default.dir/mqom_mqom_common/blc_default.c.o
[ 82%] Building C object src/sig/mqom/CMakeFiles/mqom_mqom2_cat1_gf16_short_r3_default.dir/mqom_mqom_common/expand_mq.c.o
[ 82%] Building C object src/sig/mqom/CMakeFiles/mqom_mqom2_cat3_gf16_fast_r3_default.dir/mqom_mqom_common/ggm_tree.c.o
[ 82%] Building C object src/sig/mqom/CMakeFiles/mqom_mqom2_cat3_gf16_short_r3_default.dir/mqom_mqom_common/blc_memopt_x1.c.o
[ 82%] Building C object src/sig/mqom/CMakeFiles/mqom_mqom2_cat1_gf16_fast_r5_default.dir/mqom_mqom_common/keygen.c.o
[ 82%] Building C object src/sig/mqom/CMakeFiles/mqom_mqom2_cat1_gf16_short_r3_default.dir/mqom_mqom_common/ggm_tree.c.o
[ 82%] Building C object src/sig/mqom/CMakeFiles/mqom_mqom2_cat1_gf16_short_r5_default.dir/mqom_mqom_common/piop_bitslice.c.o
[ 82%] Building C object src/sig/mqom/CMakeFiles/mqom_mqom2_cat3_gf16_fast_r5_default.dir/mqom_mqom_common/expand_mq.c.o
[ 82%] Built target snova_SNOVA_24_5_5_opt
[ 83%] Building C object src/sig/mqom/CMakeFiles/mqom_mqom2_cat1_gf16_fast_r3_default.dir/mqom_mqom_common/piop_default.c.o
[ 83%] Building C object src/sig/mqom/CMakeFiles/mqom_mqom2_cat3_gf16_fast_r5_default.dir/mqom_mqom_common/ggm_tree.c.o
[ 83%] Building C object src/sig/mqom/CMakeFiles/mqom_mqom2_cat3_gf16_short_r3_default.dir/mqom_mqom_common/blc_memopt_x2.c.o
[ 83%] Building C object src/sig/mqom/CMakeFiles/mqom_mqom2_cat3_gf16_short_r5_default.dir/mqom_mqom_common/blc_memopt_x1.c.o
[ 83%] Building C object src/sig/mqom/CMakeFiles/mqom_mqom2_cat5_gf16_fast_r3_default.dir/mqom_mqom_common/blc_memopt.c.o
[ 83%] Built target snova_SNOVA_29_6_5_opt
[ 83%] Building C object src/sig/mqom/CMakeFiles/mqom_mqom2_cat3_gf16_fast_r3_default.dir/mqom_mqom_common/keygen.c.o
[ 83%] Building C object src/sig/mqom/CMakeFiles/mqom_mqom2_cat1_gf16_short_r3_default.dir/mqom_mqom_common/keygen.c.o
[ 83%] Building C object src/sig/mqom/CMakeFiles/mqom_mqom2_cat3_gf16_short_r5_default.dir/mqom_mqom_common/blc_memopt_x2.c.o
[ 84%] Building C object src/sig/mqom/CMakeFiles/mqom_mqom2_cat3_gf16_short_r3_default.dir/mqom_mqom_common/blc_memopt_x4.c.o
[ 84%] Building C object src/sig/mqom/CMakeFiles/mqom_mqom2_cat1_gf16_fast_r5_default.dir/mqom_mqom_common/piop_bitslice.c.o
[ 84%] Building C object src/sig/mqom/CMakeFiles/mqom_mqom2_cat5_gf16_fast_r3_default.dir/mqom_mqom_common/blc_memopt_x1.c.o
[ 84%] Building C object src/sig/mqom/CMakeFiles/mqom_mqom2_cat1_gf16_fast_r3_default.dir/mqom_mqom_common/piop_memopt.c.o
[ 84%] Building C object src/sig/mqom/CMakeFiles/mqom_mqom2_cat3_gf16_fast_r5_default.dir/mqom_mqom_common/keygen.c.o
[ 84%] Building C object src/sig/mqom/CMakeFiles/mqom_mqom2_cat1_gf16_short_r5_default.dir/mqom_mqom_common/piop_default.c.o
[ 84%] Building C object src/sig/mqom/CMakeFiles/mqom_mqom2_cat1_gf16_short_r3_default.dir/mqom_mqom_common/piop_bitslice.c.o
[ 84%] Building C object src/sig/mqom/CMakeFiles/mqom_mqom2_cat3_gf16_short_r5_default.dir/mqom_mqom_common/blc_memopt_x4.c.o
[ 84%] Building C object src/sig/mqom/CMakeFiles/mqom_mqom2_cat5_gf16_fast_r3_default.dir/mqom_mqom_common/blc_memopt_x2.c.o
[ 84%] Building C object src/sig/mqom/CMakeFiles/mqom_mqom2_cat3_gf16_short_r5_default.dir/mqom_mqom_common/crypto_sign.c.o
[ 84%] Building C object src/sig/mqom/CMakeFiles/mqom_mqom2_cat3_gf16_fast_r3_default.dir/mqom_mqom_common/piop_bitslice.c.o
[ 84%] Building C object src/sig/mqom/CMakeFiles/mqom_mqom2_cat1_gf16_short_r3_default.dir/mqom_mqom_common/piop_default.c.o
[ 84%] Building C object src/sig/mqom/CMakeFiles/mqom_mqom2_cat3_gf16_short_r3_default.dir/mqom_mqom_common/crypto_sign.c.o
[ 84%] Building C object src/sig/mqom/CMakeFiles/mqom_mqom2_cat3_gf16_short_r3_default.dir/mqom_mqom_common/expand_mq.c.o
[ 84%] Building C object src/sig/mqom/CMakeFiles/mqom_mqom2_cat5_gf16_fast_r3_default.dir/mqom_mqom_common/blc_memopt_x4.c.o
[ 84%] Building C object src/sig/mqom/CMakeFiles/mqom_mqom2_cat3_gf16_short_r3_default.dir/mqom_mqom_common/ggm_tree.c.o
[ 84%] Building C object src/sig/mqom/CMakeFiles/mqom_mqom2_cat3_gf16_fast_r5_default.dir/mqom_mqom_common/piop_bitslice.c.o
[ 84%] Building C object src/sig/mqom/CMakeFiles/mqom_mqom2_cat3_gf16_short_r5_default.dir/mqom_mqom_common/expand_mq.c.o
[ 84%] Building C object src/sig/mqom/CMakeFiles/mqom_mqom2_cat5_gf16_fast_r5_default.dir/sig_mqom_mqom2_cat5_gf16_fast_r5.c.o
[ 85%] Building C object src/sig/mqom/CMakeFiles/mqom_mqom2_cat3_gf16_short_r5_default.dir/mqom_mqom_common/ggm_tree.c.o
[ 85%] Building C object src/sig/mqom/CMakeFiles/mqom_mqom2_cat5_gf16_fast_r5_default.dir/mqom_mqom_common/blc_default.c.o
[ 85%] Building C object src/sig/mqom/CMakeFiles/mqom_mqom2_cat5_gf16_fast_r3_default.dir/mqom_mqom_common/crypto_sign.c.o
[ 85%] Building C object src/sig/mqom/CMakeFiles/mqom_mqom2_cat5_gf16_fast_r3_default.dir/mqom_mqom_common/expand_mq.c.o
[ 85%] Building C object src/sig/mqom/CMakeFiles/mqom_mqom2_cat1_gf16_fast_r3_default.dir/mqom_mqom_common/prg.c.o
[ 85%] Building C object src/sig/mqom/CMakeFiles/mqom_mqom2_cat5_gf16_fast_r3_default.dir/mqom_mqom_common/ggm_tree.c.o
[ 86%] Building C object src/sig/mqom/CMakeFiles/mqom_mqom2_cat5_gf16_fast_r5_default.dir/mqom_mqom_common/blc_memopt.c.o
[ 86%] Building C object src/sig/mqom/CMakeFiles/mqom_mqom2_cat1_gf16_fast_r5_default.dir/mqom_mqom_common/piop_default.c.o
[ 86%] Building C object src/sig/mqom/CMakeFiles/mqom_mqom2_cat5_gf16_fast_r5_default.dir/mqom_mqom_common/blc_memopt_x1.c.o
[ 86%] Building C object src/sig/mqom/CMakeFiles/mqom_mqom2_cat3_gf16_short_r3_default.dir/mqom_mqom_common/keygen.c.o
[ 87%] Building C object src/sig/mqom/CMakeFiles/mqom_mqom2_cat3_gf16_fast_r3_default.dir/mqom_mqom_common/piop_default.c.o
[ 87%] Building C object src/sig/mqom/CMakeFiles/mqom_mqom2_cat3_gf16_short_r3_default.dir/mqom_mqom_common/piop_bitslice.c.o
[ 87%] Building C object src/sig/mqom/CMakeFiles/mqom_mqom2_cat5_gf16_fast_r5_default.dir/mqom_mqom_common/blc_memopt_x2.c.o
[ 87%] Building C object src/sig/mqom/CMakeFiles/mqom_mqom2_cat3_gf16_short_r5_default.dir/mqom_mqom_common/keygen.c.o
[ 87%] Building C object src/sig/mqom/CMakeFiles/mqom_mqom2_cat3_gf16_short_r5_default.dir/mqom_mqom_common/piop_bitslice.c.o
[ 87%] Building C object src/sig/mqom/CMakeFiles/mqom_mqom2_cat3_gf16_short_r3_default.dir/mqom_mqom_common/piop_default.c.o
[ 87%] Building C object src/sig/mqom/CMakeFiles/mqom_mqom2_cat5_gf16_fast_r5_default.dir/mqom_mqom_common/blc_memopt_x4.c.o
[ 87%] Building C object src/sig/mqom/CMakeFiles/mqom_mqom2_cat3_gf16_short_r3_default.dir/mqom_mqom_common/piop_memopt.c.o
[ 87%] Building C object src/sig/mqom/CMakeFiles/mqom_mqom2_cat5_gf16_fast_r3_default.dir/mqom_mqom_common/keygen.c.o
[ 87%] Building C object src/sig/mqom/CMakeFiles/mqom_mqom2_cat3_gf16_fast_r3_default.dir/mqom_mqom_common/piop_memopt.c.o
[ 87%] Building C object src/sig/mqom/CMakeFiles/mqom_mqom2_cat5_gf16_fast_r3_default.dir/mqom_mqom_common/piop_bitslice.c.o
[ 87%] Building C object src/sig/mqom/CMakeFiles/mqom_mqom2_cat1_gf16_fast_r5_default.dir/mqom_mqom_common/piop_memopt.c.o
[ 87%] Building C object src/sig/mqom/CMakeFiles/mqom_mqom2_cat5_gf16_fast_r5_default.dir/mqom_mqom_common/crypto_sign.c.o
[ 87%] Building C object src/sig/mqom/CMakeFiles/mqom_mqom2_cat5_gf16_fast_r5_default.dir/mqom_mqom_common/expand_mq.c.o
[ 87%] Building C object src/sig/mqom/CMakeFiles/mqom_mqom2_cat1_gf16_fast_r3_default.dir/mqom_mqom_common/rijndael_aes_ni.c.o
[ 87%] Building C object src/sig/mqom/CMakeFiles/mqom_mqom2_cat1_gf16_fast_r3_default.dir/mqom_mqom_common/rijndael_ct64.c.o
[ 87%] Building C object src/sig/mqom/CMakeFiles/mqom_mqom2_cat5_gf16_fast_r5_default.dir/mqom_mqom_common/ggm_tree.c.o
[ 87%] Building C object src/sig/mqom/CMakeFiles/mqom_mqom2_cat3_gf16_fast_r5_default.dir/mqom_mqom_common/piop_default.c.o
[ 87%] Building C object src/sig/mqom/CMakeFiles/mqom_mqom2_cat3_gf16_fast_r3_default.dir/mqom_mqom_common/prg.c.o
[ 87%] Building C object src/sig/mqom/CMakeFiles/mqom_mqom2_cat3_gf16_fast_r5_default.dir/mqom_mqom_common/piop_memopt.c.o
[ 87%] Building C object src/sig/mqom/CMakeFiles/mqom_mqom2_cat1_gf16_short_r5_default.dir/mqom_mqom_common/piop_memopt.c.o
[ 87%] Building C object src/sig/mqom/CMakeFiles/mqom_mqom2_cat1_gf16_fast_r5_default.dir/mqom_mqom_common/prg.c.o
[ 87%] Building C object src/sig/mqom/CMakeFiles/mqom_mqom2_cat5_gf16_fast_r5_default.dir/mqom_mqom_common/keygen.c.o
[ 87%] Building C object src/sig/mqom/CMakeFiles/mqom_mqom2_cat5_gf16_fast_r5_default.dir/mqom_mqom_common/piop_bitslice.c.o
[ 88%] Building C object src/sig/mqom/CMakeFiles/mqom_mqom2_cat5_gf16_fast_r3_default.dir/mqom_mqom_common/piop_default.c.o
[ 88%] Building C object src/sig/mqom/CMakeFiles/mqom_mqom2_cat1_gf16_short_r3_default.dir/mqom_mqom_common/piop_memopt.c.o
[ 88%] Building C object src/sig/mqom/CMakeFiles/mqom_mqom2_cat3_gf16_fast_r5_default.dir/mqom_mqom_common/prg.c.o
[ 88%] Building C object src/sig/mqom/CMakeFiles/mqom_mqom2_cat3_gf16_fast_r3_default.dir/mqom_mqom_common/rijndael_aes_ni.c.o
[ 88%] Building C object src/sig/mqom/CMakeFiles/mqom_mqom2_cat3_gf16_fast_r3_default.dir/mqom_mqom_common/rijndael_ct64.c.o
[ 88%] Building C object src/sig/mqom/CMakeFiles/mqom_mqom2_cat5_gf16_fast_r3_default.dir/mqom_mqom_common/piop_memopt.c.o
[ 89%] Building C object src/sig/mqom/CMakeFiles/mqom_mqom2_cat1_gf16_fast_r5_default.dir/mqom_mqom_common/rijndael_aes_ni.c.o
[ 89%] Building C object src/sig/mqom/CMakeFiles/mqom_mqom2_cat1_gf16_fast_r5_default.dir/mqom_mqom_common/rijndael_ct64.c.o
[ 89%] Building C object src/sig/mqom/CMakeFiles/mqom_mqom2_cat5_gf16_fast_r3_default.dir/mqom_mqom_common/prg.c.o
[ 89%] Building C object src/sig/mqom/CMakeFiles/mqom_mqom2_cat1_gf16_fast_r5_default.dir/mqom_mqom_common/rijndael_external.c.o
[ 89%] Building C object src/sig/mqom/CMakeFiles/mqom_mqom2_cat3_gf16_fast_r3_default.dir/mqom_mqom_common/rijndael_external.c.o
[ 89%] Building C object src/sig/mqom/CMakeFiles/mqom_mqom2_cat3_gf16_short_r5_default.dir/mqom_mqom_common/piop_default.c.o
[ 89%] Building C object src/sig/mqom/CMakeFiles/mqom_mqom2_cat1_gf16_fast_r3_default.dir/mqom_mqom_common/rijndael_external.c.o
[ 89%] Building C object src/sig/mqom/CMakeFiles/mqom_mqom2_cat1_gf16_fast_r3_default.dir/mqom_mqom_common/rijndael_ref.c.o
[ 89%] Building C object src/sig/mqom/CMakeFiles/mqom_mqom2_cat1_gf16_fast_r3_default.dir/mqom_mqom_common/rijndael_table.c.o
[ 90%] Building C object src/sig/mqom/CMakeFiles/mqom_mqom2_cat3_gf16_fast_r5_default.dir/mqom_mqom_common/rijndael_aes_ni.c.o
[ 90%] Building C object src/sig/mqom/CMakeFiles/mqom_mqom2_cat3_gf16_fast_r5_default.dir/mqom_mqom_common/rijndael_ct64.c.o
[ 90%] Building C object src/sig/mqom/CMakeFiles/mqom_mqom2_cat5_gf16_fast_r5_default.dir/mqom_mqom_common/piop_default.c.o
[ 90%] Building C object src/sig/mqom/CMakeFiles/mqom_mqom2_cat1_gf16_fast_r3_default.dir/mqom_mqom_common/sign.c.o
[ 90%] Building C object src/sig/mqom/CMakeFiles/mqom_mqom2_cat1_gf16_fast_r3_default.dir/mqom_mqom_common/sign_memopt.c.o
[ 90%] Building C object src/sig/mqom/CMakeFiles/mqom_mqom2_cat3_gf16_fast_r5_default.dir/mqom_mqom_common/rijndael_external.c.o
[ 90%] Building C object src/sig/mqom/CMakeFiles/mqom_mqom2_cat1_gf16_short_r3_default.dir/mqom_mqom_common/prg.c.o
[ 90%] Building C object src/sig/mqom/CMakeFiles/mqom_mqom2_cat1_gf16_fast_r3_default.dir/mqom_mqom_common/xof.c.o
[ 90%] Built target mqom_mqom2_cat1_gf16_fast_r3_default
[ 90%] Building C object src/sig/mqom/CMakeFiles/mqom_mqom2_cat5_gf16_fast_r3_default.dir/mqom_mqom_common/rijndael_aes_ni.c.o
[ 90%] Building C object src/sig/mqom/CMakeFiles/mqom_mqom2_cat1_gf16_short_r5_default.dir/mqom_mqom_common/prg.c.o
[ 90%] Building C object src/sig/mqom/CMakeFiles/mqom_mqom2_cat5_gf16_fast_r5_default.dir/mqom_mqom_common/piop_memopt.c.o
[ 90%] Building C object src/sig/mqom/CMakeFiles/mqom_mqom2_cat5_gf16_fast_r3_default.dir/mqom_mqom_common/rijndael_ct64.c.o
[ 90%] Building C object src/sig/mqom/CMakeFiles/mqom_mqom2_cat3_gf16_fast_r3_default.dir/mqom_mqom_common/rijndael_ref.c.o
[ 90%] Building C object src/sig/mqom/CMakeFiles/mqom_mqom2_cat3_gf16_short_r3_default.dir/mqom_mqom_common/prg.c.o
[ 90%] Building C object src/sig/mqom/CMakeFiles/mqom_mqom2_cat1_gf16_fast_r5_default.dir/mqom_mqom_common/rijndael_ref.c.o
[ 90%] Building C object src/sig/mqom/CMakeFiles/mqom_mqom2_cat3_gf16_fast_r5_default.dir/mqom_mqom_common/rijndael_ref.c.o
[ 90%] Building C object src/sig/mqom/CMakeFiles/mqom_mqom2_cat1_gf16_short_r3_default.dir/mqom_mqom_common/rijndael_aes_ni.c.o
[ 90%] Building C object src/sig/mqom/CMakeFiles/mqom_mqom2_cat5_gf16_short_r3_default.dir/sig_mqom_mqom2_cat5_gf16_short_r3.c.o
[ 90%] Building C object src/sig/mqom/CMakeFiles/mqom_mqom2_cat5_gf16_short_r3_default.dir/mqom_mqom_common/blc_default.c.o
[ 90%] Building C object src/sig/mqom/CMakeFiles/mqom_mqom2_cat5_gf16_fast_r5_default.dir/mqom_mqom_common/prg.c.o
[ 90%] Building C object src/sig/mqom/CMakeFiles/mqom_mqom2_cat5_gf16_fast_r3_default.dir/mqom_mqom_common/rijndael_external.c.o
[ 90%] Building C object src/sig/mqom/CMakeFiles/mqom_mqom2_cat3_gf16_short_r5_default.dir/mqom_mqom_common/piop_memopt.c.o
[ 90%] Building C object src/sig/mqom/CMakeFiles/mqom_mqom2_cat3_gf16_fast_r3_default.dir/mqom_mqom_common/rijndael_table.c.o
[ 90%] Building C object src/sig/mqom/CMakeFiles/mqom_mqom2_cat1_gf16_short_r5_default.dir/mqom_mqom_common/rijndael_aes_ni.c.o
[ 90%] Building C object src/sig/mqom/CMakeFiles/mqom_mqom2_cat1_gf16_short_r5_default.dir/mqom_mqom_common/rijndael_ct64.c.o
[ 90%] Building C object src/sig/mqom/CMakeFiles/mqom_mqom2_cat1_gf16_short_r3_default.dir/mqom_mqom_common/rijndael_ct64.c.o
[ 90%] Building C object src/sig/mqom/CMakeFiles/mqom_mqom2_cat5_gf16_short_r3_default.dir/mqom_mqom_common/blc_memopt.c.o
[ 90%] Building C object src/sig/mqom/CMakeFiles/mqom_mqom2_cat5_gf16_short_r3_default.dir/mqom_mqom_common/blc_memopt_x1.c.o
[ 90%] Building C object src/sig/mqom/CMakeFiles/mqom_mqom2_cat1_gf16_fast_r5_default.dir/mqom_mqom_common/rijndael_table.c.o
[ 90%] Building C object src/sig/mqom/CMakeFiles/mqom_mqom2_cat3_gf16_fast_r3_default.dir/mqom_mqom_common/sign.c.o
[ 90%] Building C object src/sig/mqom/CMakeFiles/mqom_mqom2_cat5_gf16_short_r3_default.dir/mqom_mqom_common/blc_memopt_x2.c.o
[ 90%] Building C object src/sig/mqom/CMakeFiles/mqom_mqom2_cat3_gf16_fast_r3_default.dir/mqom_mqom_common/sign_memopt.c.o
[ 90%] Building C object src/sig/mqom/CMakeFiles/mqom_mqom2_cat5_gf16_fast_r3_default.dir/mqom_mqom_common/rijndael_ref.c.o
[ 90%] Building C object src/sig/mqom/CMakeFiles/mqom_mqom2_cat3_gf16_fast_r3_default.dir/mqom_mqom_common/xof.c.o
[ 90%] Building C object src/sig/mqom/CMakeFiles/mqom_mqom2_cat5_gf16_short_r5_default.dir/sig_mqom_mqom2_cat5_gf16_short_r5.c.o
[ 90%] Built target mqom_mqom2_cat3_gf16_fast_r3_default
[ 90%] Building C object src/sig/mqom/CMakeFiles/mqom_mqom2_cat3_gf16_fast_r5_default.dir/mqom_mqom_common/rijndael_table.c.o
[ 90%] Building C object src/sig/mqom/CMakeFiles/mqom_mqom2_cat5_gf16_short_r5_default.dir/mqom_mqom_common/blc_default.c.o
[ 90%] Building C object src/sig/mqom/CMakeFiles/mqom_mqom2_cat1_gf16_fast_r5_default.dir/mqom_mqom_common/sign.c.o
[ 90%] Building C object src/sig/mqom/CMakeFiles/mqom_mqom2_cat1_gf16_fast_r5_default.dir/mqom_mqom_common/sign_memopt.c.o
[ 91%] Building C object src/sig/mqom/CMakeFiles/mqom_mqom2_cat5_gf16_short_r3_default.dir/mqom_mqom_common/blc_memopt_x4.c.o
[ 91%] Building C object src/sig/mqom/CMakeFiles/mqom_mqom2_cat3_gf16_short_r3_default.dir/mqom_mqom_common/rijndael_aes_ni.c.o
[ 91%] Building C object src/sig/mqom/CMakeFiles/mqom_mqom2_cat1_gf16_fast_r5_default.dir/mqom_mqom_common/xof.c.o
[ 91%] Building C object src/sig/mqom/CMakeFiles/mqom_mqom2_cat3_gf16_short_r3_default.dir/mqom_mqom_common/rijndael_ct64.c.o
[ 91%] Built target mqom_mqom2_cat1_gf16_fast_r5_default
[ 92%] Building C object src/sig/mqom/CMakeFiles/mqom_mqom2_cat5_gf16_fast_r5_default.dir/mqom_mqom_common/rijndael_aes_ni.c.o
[ 92%] Building C object src/sig/mqom/CMakeFiles/mqom_mqom2_cat3_gf16_short_r5_default.dir/mqom_mqom_common/prg.c.o
[ 92%] Building C object src/sig/mqom/CMakeFiles/mqom_mqom2_cat1_gf16_short_r3_default.dir/mqom_mqom_common/rijndael_external.c.o
[ 92%] Building C object src/sig/mqom/CMakeFiles/mqom_mqom2_cat1_gf16_short_r5_default.dir/mqom_mqom_common/rijndael_external.c.o
[ 92%] Building C object src/sig/mqom/CMakeFiles/mqom_mqom2_cat5_gf16_short_r3_default.dir/mqom_mqom_common/crypto_sign.c.o
[ 92%] Building C object src/sig/mqom/CMakeFiles/mqom_mqom2_cat5_gf16_fast_r3_default.dir/mqom_mqom_common/rijndael_table.c.o
[ 92%] Building C object src/sig/mqom/CMakeFiles/mqom_mqom2_cat5_gf16_fast_r5_default.dir/mqom_mqom_common/rijndael_ct64.c.o
[ 92%] Building C object src/sig/mqom/CMakeFiles/mqom_mqom2_cat3_gf16_short_r3_default.dir/mqom_mqom_common/rijndael_external.c.o
[ 92%] Building C object src/sig/mqom/CMakeFiles/mqom_mqom2_cat5_gf16_short_r3_default.dir/mqom_mqom_common/expand_mq.c.o
[ 92%] Building C object src/sig/mqom/CMakeFiles/mqom_mqom2_cat5_gf16_short_r5_default.dir/mqom_mqom_common/blc_memopt.c.o
[ 92%] Building C object src/sig/mqom/CMakeFiles/mqom_mqom2_cat3_gf16_fast_r5_default.dir/mqom_mqom_common/sign.c.o
[ 92%] Building C object src/sig/mqom/CMakeFiles/mqom_mqom2_cat5_gf16_short_r5_default.dir/mqom_mqom_common/blc_memopt_x1.c.o
[ 92%] Building C object src/sig/mqom/CMakeFiles/mqom_mqom2_cat5_gf16_short_r5_default.dir/mqom_mqom_common/blc_memopt_x2.c.o
[ 92%] Building C object src/sig/mqom/CMakeFiles/mqom_mqom2_cat5_gf16_short_r3_default.dir/mqom_mqom_common/ggm_tree.c.o
[ 92%] Building C object src/sig/mqom/CMakeFiles/mqom_mqom2_cat3_gf16_fast_r5_default.dir/mqom_mqom_common/sign_memopt.c.o
[ 92%] Building C object src/sig/mqom/CMakeFiles/mqom_mqom2_cat3_gf16_fast_r5_default.dir/mqom_mqom_common/xof.c.o
[ 92%] Built target mqom_mqom2_cat3_gf16_fast_r5_default
[ 93%] Building C object src/sig/mqom/CMakeFiles/mqom_mqom2_cat1_gf16_short_r3_default.dir/mqom_mqom_common/rijndael_ref.c.o
[ 93%] Building C object src/sig/mqom/CMakeFiles/mqom_mqom2_cat3_gf16_short_r5_default.dir/mqom_mqom_common/rijndael_aes_ni.c.o
[ 93%] Building C object src/sig/mqom/CMakeFiles/mqom_mqom2_cat1_gf16_short_r5_default.dir/mqom_mqom_common/rijndael_ref.c.o
[ 93%] Building C object src/sig/mqom/CMakeFiles/mqom_mqom2_cat5_gf16_fast_r3_default.dir/mqom_mqom_common/sign.c.o
[ 93%] Building C object src/sig/mqom/CMakeFiles/mqom_mqom2_cat5_gf16_short_r5_default.dir/mqom_mqom_common/blc_memopt_x4.c.o
[ 93%] Building C object src/sig/mqom/CMakeFiles/mqom_mqom2_cat5_gf16_short_r5_default.dir/mqom_mqom_common/crypto_sign.c.o
[ 94%] Building C object src/sig/mqom/CMakeFiles/mqom_mqom2_cat3_gf16_short_r3_default.dir/mqom_mqom_common/rijndael_ref.c.o
[ 94%] Building C object src/sig/mqom/CMakeFiles/mqom_mqom2_cat5_gf16_short_r3_default.dir/mqom_mqom_common/keygen.c.o
[ 94%] Building C object src/sig/mqom/CMakeFiles/mqom_mqom2_cat5_gf16_short_r5_default.dir/mqom_mqom_common/expand_mq.c.o
[ 94%] Building C object src/sig/mqom/CMakeFiles/mqom_mqom2_cat1_gf16_short_r3_default.dir/mqom_mqom_common/rijndael_table.c.o
[ 94%] Building C object src/sig/mqom/CMakeFiles/mqom_mqom2_cat3_gf16_short_r5_default.dir/mqom_mqom_common/rijndael_ct64.c.o
[ 95%] Building C object src/sig/mqom/CMakeFiles/mqom_mqom2_cat5_gf16_short_r5_default.dir/mqom_mqom_common/ggm_tree.c.o
[ 95%] Building C object src/sig/mqom/CMakeFiles/mqom_mqom2_cat1_gf16_short_r5_default.dir/mqom_mqom_common/rijndael_table.c.o
[ 95%] Building C object src/common/CMakeFiles/internal.dir/aes/aes_impl.c.o
[ 95%] Building C object src/common/CMakeFiles/internal.dir/aes/aes_c.c.o
[ 95%] Building C object src/sig/mqom/CMakeFiles/mqom_mqom2_cat5_gf16_fast_r5_default.dir/mqom_mqom_common/rijndael_external.c.o
[ 95%] Building C object src/sig/mqom/CMakeFiles/mqom_mqom2_cat3_gf16_short_r3_default.dir/mqom_mqom_common/rijndael_table.c.o
[ 95%] Building C object src/sig/mqom/CMakeFiles/mqom_mqom2_cat5_gf16_fast_r3_default.dir/mqom_mqom_common/sign_memopt.c.o
[ 95%] Building C object src/sig/mqom/CMakeFiles/mqom_mqom2_cat5_gf16_short_r3_default.dir/mqom_mqom_common/piop_bitslice.c.o
[ 95%] Building C object src/sig/mqom/CMakeFiles/mqom_mqom2_cat5_gf16_fast_r3_default.dir/mqom_mqom_common/xof.c.o
[ 95%] Building C object src/sig/mqom/CMakeFiles/mqom_mqom2_cat5_gf16_short_r5_default.dir/mqom_mqom_common/keygen.c.o
[ 95%] Built target mqom_mqom2_cat5_gf16_fast_r3_default
[ 95%] Building C object src/common/CMakeFiles/internal.dir/aes/aes.c.o
[ 95%] Building C object src/common/CMakeFiles/internal.dir/sha2/sha2_impl.c.o
[ 95%] Building C object src/sig/mqom/CMakeFiles/mqom_mqom2_cat1_gf16_short_r3_default.dir/mqom_mqom_common/sign.c.o
[ 95%] Building C object src/common/CMakeFiles/internal.dir/sha2/sha2_c.c.o
[ 95%] Building C object src/sig/mqom/CMakeFiles/mqom_mqom2_cat5_gf16_short_r5_default.dir/mqom_mqom_common/piop_bitslice.c.o
[ 95%] Building C object src/sig/mqom/CMakeFiles/mqom_mqom2_cat1_gf16_short_r3_default.dir/mqom_mqom_common/sign_memopt.c.o
[ 95%] Building C object src/sig/mqom/CMakeFiles/mqom_mqom2_cat3_gf16_short_r3_default.dir/mqom_mqom_common/sign.c.o
[ 95%] Building C object src/sig/mqom/CMakeFiles/mqom_mqom2_cat5_gf16_short_r3_default.dir/mqom_mqom_common/piop_default.c.o
[ 95%] Building C object src/sig/mqom/CMakeFiles/mqom_mqom2_cat5_gf16_short_r5_default.dir/mqom_mqom_common/piop_default.c.o
[ 95%] Building C object src/sig/mqom/CMakeFiles/mqom_mqom2_cat1_gf16_short_r5_default.dir/mqom_mqom_common/sign.c.o
[ 95%] Building C object src/sig/mqom/CMakeFiles/mqom_mqom2_cat3_gf16_short_r5_default.dir/mqom_mqom_common/rijndael_external.c.o
[ 95%] Building C object src/sig/mqom/CMakeFiles/mqom_mqom2_cat5_gf16_fast_r5_default.dir/mqom_mqom_common/rijndael_ref.c.o
[ 95%] Building C object src/sig/mqom/CMakeFiles/mqom_mqom2_cat1_gf16_short_r3_default.dir/mqom_mqom_common/xof.c.o
[ 95%] Building C object src/sig/mqom/CMakeFiles/mqom_mqom2_cat5_gf16_short_r5_default.dir/mqom_mqom_common/piop_memopt.c.o
[ 95%] Building C object src/common/CMakeFiles/internal.dir/sha2/sha2.c.o
[ 95%] Building C object src/sig/mqom/CMakeFiles/mqom_mqom2_cat3_gf16_short_r3_default.dir/mqom_mqom_common/sign_memopt.c.o
[ 95%] Building C object src/sig/mqom/CMakeFiles/mqom_mqom2_cat3_gf16_short_r5_default.dir/mqom_mqom_common/rijndael_ref.c.o
[ 96%] Building C object src/sig/mqom/CMakeFiles/mqom_mqom2_cat1_gf16_short_r5_default.dir/mqom_mqom_common/sign_memopt.c.o
[ 96%] Building C object src/sig/mqom/CMakeFiles/mqom_mqom2_cat5_gf16_short_r3_default.dir/mqom_mqom_common/piop_memopt.c.o
[ 96%] Building C object src/sig/mqom/CMakeFiles/mqom_mqom2_cat1_gf16_short_r5_default.dir/mqom_mqom_common/xof.c.o
[ 96%] Built target mqom_mqom2_cat1_gf16_short_r5_default
[ 96%] Building C object src/sig/mqom/CMakeFiles/mqom_mqom2_cat5_gf16_short_r5_default.dir/mqom_mqom_common/prg.c.o
[ 96%] Built target mqom_mqom2_cat1_gf16_short_r3_default
[ 96%] Building C object src/common/CMakeFiles/internal.dir/sha3/xkcp_sha3.c.o
[ 96%] Building C object src/sig/mqom/CMakeFiles/mqom_mqom2_cat3_gf16_short_r3_default.dir/mqom_mqom_common/xof.c.o
[ 96%] Building C object src/sig/mqom/CMakeFiles/mqom_mqom2_cat3_gf16_short_r5_default.dir/mqom_mqom_common/rijndael_table.c.o
[ 96%] Building C object src/common/CMakeFiles/internal.dir/sha3/xkcp_sha3x4.c.o
[ 96%] Building C object src/sig/mqom/CMakeFiles/mqom_mqom2_cat5_gf16_short_r3_default.dir/mqom_mqom_common/prg.c.o
[ 96%] Building C object src/sig/mqom/CMakeFiles/mqom_mqom2_cat5_gf16_fast_r5_default.dir/mqom_mqom_common/rijndael_table.c.o
[ 96%] Building C object src/common/CMakeFiles/internal.dir/sha3/sha3.c.o
[ 96%] Building C object src/common/CMakeFiles/internal.dir/sha3/sha3x4.c.o
[ 96%] Building C object src/common/CMakeFiles/internal.dir/common.c.o
[ 96%] Building C object src/sig/mqom/CMakeFiles/mqom_mqom2_cat3_gf16_short_r5_default.dir/mqom_mqom_common/sign.c.o
[ 97%] Building C object src/common/CMakeFiles/internal.dir/rand/rand_nist.c.o
[ 97%] Built target internal
[ 97%] Built target mqom_mqom2_cat3_gf16_short_r3_default
[ 97%] Building C object src/sig/mqom/CMakeFiles/mqom_mqom2_cat5_gf16_short_r3_default.dir/mqom_mqom_common/rijndael_aes_ni.c.o
[ 97%] Building C object src/sig/mqom/CMakeFiles/mqom_mqom2_cat5_gf16_short_r5_default.dir/mqom_mqom_common/rijndael_aes_ni.c.o
[ 97%] Building C object src/sig/mqom/CMakeFiles/mqom_mqom2_cat5_gf16_fast_r5_default.dir/mqom_mqom_common/sign.c.o
[ 97%] Building C object src/sig/mqom/CMakeFiles/mqom_mqom2_cat5_gf16_fast_r5_default.dir/mqom_mqom_common/sign_memopt.c.o
[ 97%] Linking C static library ../lib/liboqs-internal.a
[ 97%] Built target oqs-internal
[ 98%] Building C object src/sig/mqom/CMakeFiles/mqom_mqom2_cat3_gf16_short_r5_default.dir/mqom_mqom_common/sign_memopt.c.o
[ 98%] Building C object src/sig/mqom/CMakeFiles/mqom_mqom2_cat5_gf16_short_r3_default.dir/mqom_mqom_common/rijndael_ct64.c.o
[ 98%] Building C object src/sig/mqom/CMakeFiles/mqom_mqom2_cat5_gf16_fast_r5_default.dir/mqom_mqom_common/xof.c.o
[ 98%] Building C object src/sig/mqom/CMakeFiles/mqom_mqom2_cat5_gf16_short_r5_default.dir/mqom_mqom_common/rijndael_ct64.c.o
[ 98%] Building C object src/sig/mqom/CMakeFiles/mqom_mqom2_cat5_gf16_short_r3_default.dir/mqom_mqom_common/rijndael_external.c.o
[ 98%] Building C object src/sig/mqom/CMakeFiles/mqom_mqom2_cat3_gf16_short_r5_default.dir/mqom_mqom_common/xof.c.o
[ 98%] Building C object src/sig/mqom/CMakeFiles/mqom_mqom2_cat5_gf16_short_r5_default.dir/mqom_mqom_common/rijndael_external.c.o
[ 99%] Building C object src/sig/mqom/CMakeFiles/mqom_mqom2_cat5_gf16_short_r3_default.dir/mqom_mqom_common/rijndael_ref.c.o
[ 99%] Building C object src/sig/mqom/CMakeFiles/mqom_mqom2_cat5_gf16_short_r5_default.dir/mqom_mqom_common/rijndael_ref.c.o
[ 99%] Building C object src/sig/mqom/CMakeFiles/mqom_mqom2_cat5_gf16_short_r5_default.dir/mqom_mqom_common/rijndael_table.c.o
[ 99%] Building C object src/sig/mqom/CMakeFiles/mqom_mqom2_cat5_gf16_short_r3_default.dir/mqom_mqom_common/rijndael_table.c.o
[ 99%] Built target mqom_mqom2_cat5_gf16_fast_r5_default
[ 99%] Building C object src/sig/mqom/CMakeFiles/mqom_mqom2_cat5_gf16_short_r3_default.dir/mqom_mqom_common/sign.c.o
[ 99%] Building C object src/sig/mqom/CMakeFiles/mqom_mqom2_cat5_gf16_short_r3_default.dir/mqom_mqom_common/sign_memopt.c.o
[ 99%] Building C object src/sig/mqom/CMakeFiles/mqom_mqom2_cat5_gf16_short_r5_default.dir/mqom_mqom_common/sign.c.o
[ 99%] Building C object src/sig/mqom/CMakeFiles/mqom_mqom2_cat5_gf16_short_r3_default.dir/mqom_mqom_common/xof.c.o
[100%] Building C object src/sig/mqom/CMakeFiles/mqom_mqom2_cat5_gf16_short_r5_default.dir/mqom_mqom_common/sign_memopt.c.o
[100%] Building C object src/sig/mqom/CMakeFiles/mqom_mqom2_cat5_gf16_short_r5_default.dir/mqom_mqom_common/xof.c.o
[100%] Built target mqom_mqom2_cat3_gf16_short_r5_default
[100%] Built target mqom_mqom2_cat5_gf16_short_r5_default
[100%] Built target mqom_mqom2_cat5_gf16_short_r3_default
[100%] Building C object src/CMakeFiles/oqs.dir/sig/sig.c.o
[100%] Building C object src/CMakeFiles/oqs.dir/kem/kem.c.o
[100%] Building C object src/CMakeFiles/oqs.dir/sig_stfl/sig_stfl.c.o
[100%] Linking C static library ../lib/liboqs.a
[100%] Built target oqs
[ 13%] Built target slh_dsa_c
[ 15%] Built target common
[ 15%] Built target xkcp_low_keccakp_1600_plain64
[ 16%] Built target xkcp_low_keccakp_1600times4_serial
[ 18%] Built target frodokem
[ 18%] Built target ntruprime_sntrup761_openssh
[ 19%] Built target ntru_hps2048509_clean
[ 20%] Built target ntru_hps2048677_clean
[ 21%] Built target ntru_hps4096821_clean
[ 22%] Built target ntru_hps40961229_clean
[ 24%] Built target ntru_hrss701_clean
[ 25%] Built target ntru_hrss1373_clean
[ 26%] Built target classic_mceliece_348864_clean
[ 28%] Built target classic_mceliece_348864f_clean
[ 29%] Built target classic_mceliece_460896_clean
[ 31%] Built target classic_mceliece_460896f_clean
[ 32%] Built target classic_mceliece_6688128_clean
[ 34%] Built target classic_mceliece_6688128f_clean
[ 36%] Built target classic_mceliece_6960119_clean
[ 37%] Built target classic_mceliece_6960119f_clean
[ 39%] Built target classic_mceliece_8192128_clean
[ 40%] Built target classic_mceliece_8192128f_clean
[ 41%] Built target kyber_512_ref
[ 42%] Built target kyber_768_ref
[ 42%] Built target kyber_1024_ref
[ 43%] Built target ml_kem_512_ref
[ 44%] Built target ml_kem_768_ref
[ 45%] Built target ml_kem_1024_ref
[ 45%] Built target ml_dsa_44_ref
[ 46%] Built target ml_dsa_65_ref
[ 46%] Built target ml_dsa_87_ref
[ 47%] Built target falcon_512_clean
[ 47%] Built target falcon_1024_clean
[ 48%] Built target falcon_padded_512_clean
[ 49%] Built target falcon_padded_1024_clean
[ 49%] Built target mayo_1_opt
[ 50%] Built target mayo_2_opt
[ 50%] Built target mayo_3_opt
[ 51%] Built target mayo_5_opt
[ 51%] Built target cross_rsdp_128_balanced_clean
[ 52%] Built target cross_rsdp_128_fast_clean
[ 52%] Built target cross_rsdp_128_small_clean
[ 53%] Built target cross_rsdp_192_balanced_clean
[ 53%] Built target cross_rsdp_192_fast_clean
[ 54%] Built target cross_rsdp_192_small_clean
[ 54%] Built target cross_rsdp_256_balanced_clean
[ 55%] Built target cross_rsdp_256_fast_clean
[ 56%] Built target cross_rsdp_256_small_clean
[ 56%] Built target cross_rsdpg_128_balanced_clean
[ 57%] Built target cross_rsdpg_128_fast_clean
[ 57%] Built target cross_rsdpg_128_small_clean
[ 58%] Built target cross_rsdpg_192_balanced_clean
[ 58%] Built target cross_rsdpg_192_fast_clean
[ 59%] Built target cross_rsdpg_192_small_clean
[ 59%] Built target cross_rsdpg_256_balanced_clean
[ 60%] Built target cross_rsdpg_256_fast_clean
[ 61%] Built target cross_rsdpg_256_small_clean
[ 61%] Built target uov_ov_Is_ref
[ 62%] Built target uov_ov_Ip_ref
[ 63%] Built target uov_ov_III_ref
[ 64%] Built target uov_ov_V_ref
[ 65%] Built target uov_ov_Is_pkc_ref
[ 66%] Built target uov_ov_Ip_pkc_ref
[ 67%] Built target uov_ov_III_pkc_ref
[ 68%] Built target uov_ov_V_pkc_ref
[ 69%] Built target uov_ov_Is_pkc_skc_ref
[ 70%] Built target uov_ov_Ip_pkc_skc_ref
[ 71%] Built target uov_ov_III_pkc_skc_ref
[ 72%] Built target uov_ov_V_pkc_skc_ref
[ 72%] Built target snova_SNOVA_24_5_4_opt
[ 72%] Built target snova_SNOVA_24_5_4_SHAKE_opt
[ 73%] Built target snova_SNOVA_24_5_4_esk_opt
[ 74%] Built target snova_SNOVA_24_5_4_SHAKE_esk_opt
[ 74%] Built target snova_SNOVA_37_17_2_opt
[ 74%] Built target snova_SNOVA_25_8_3_opt
[ 74%] Built target snova_SNOVA_56_25_2_opt
[ 75%] Built target snova_SNOVA_49_11_3_opt
[ 75%] Built target snova_SNOVA_37_8_4_opt
[ 76%] Built target snova_SNOVA_24_5_5_opt
[ 77%] Built target snova_SNOVA_60_10_4_opt
[ 78%] Built target snova_SNOVA_29_6_5_opt
[ 79%] Built target mqom_mqom2_cat1_gf16_fast_r3_default
[ 81%] Built target mqom_mqom2_cat1_gf16_fast_r5_default
[ 83%] Built target mqom_mqom2_cat1_gf16_short_r3_default
[ 85%] Built target mqom_mqom2_cat1_gf16_short_r5_default
[ 86%] Built target mqom_mqom2_cat3_gf16_fast_r3_default
[ 88%] Built target mqom_mqom2_cat3_gf16_fast_r5_default
[ 90%] Built target mqom_mqom2_cat3_gf16_short_r3_default
[ 92%] Built target mqom_mqom2_cat3_gf16_short_r5_default
[ 93%] Built target mqom_mqom2_cat5_gf16_fast_r3_default
[ 95%] Built target mqom_mqom2_cat5_gf16_fast_r5_default
[ 97%] Built target mqom_mqom2_cat5_gf16_short_r3_default
[ 99%] Built target mqom_mqom2_cat5_gf16_short_r5_default
[ 99%] Built target oqs
[100%] Built target internal
[100%] Built target oqs-internal
Install the project...
-- Install configuration: "Release"
-- Installing: /home/user/liboqs/build-arm/install/lib/cmake/liboqs/liboqsConfig.cmake
-- Installing: /home/user/liboqs/build-arm/install/lib/cmake/liboqs/liboqsConfigVersion.cmake
-- Installing: /home/user/liboqs/build-arm/install/lib/pkgconfig/liboqs.pc
-- Installing: /home/user/liboqs/build-arm/install/lib/liboqs.a
-- Installing: /home/user/liboqs/build-arm/install/lib/cmake/liboqs/liboqsTargets.cmake
-- Installing: /home/user/liboqs/build-arm/install/lib/cmake/liboqs/liboqsTargets-release.cmake
-- Installing: /home/user/liboqs/build-arm/install/include/oqs/oqs.h
-- Installing: /home/user/liboqs/build-arm/install/include/oqs/aes_ops.h
-- Installing: /home/user/liboqs/build-arm/install/include/oqs/common.h
-- Installing: /home/user/liboqs/build-arm/install/include/oqs/rand.h
-- Installing: /home/user/liboqs/build-arm/install/include/oqs/sha2_ops.h
-- Installing: /home/user/liboqs/build-arm/install/include/oqs/sha3_ops.h
-- Installing: /home/user/liboqs/build-arm/install/include/oqs/sha3x4_ops.h
-- Installing: /home/user/liboqs/build-arm/install/include/oqs/kem.h
-- Installing: /home/user/liboqs/build-arm/install/include/oqs/sig.h
-- Installing: /home/user/liboqs/build-arm/install/include/oqs/sig_stfl.h
-- Installing: /home/user/liboqs/build-arm/install/include/oqs/kem_frodokem.h
-- Installing: /home/user/liboqs/build-arm/install/include/oqs/kem_ntruprime.h
-- Installing: /home/user/liboqs/build-arm/install/include/oqs/kem_ntru.h
-- Installing: /home/user/liboqs/build-arm/install/include/oqs/kem_classic_mceliece.h
-- Installing: /home/user/liboqs/build-arm/install/include/oqs/kem_kyber.h
-- Installing: /home/user/liboqs/build-arm/install/include/oqs/kem_ml_kem.h
-- Installing: /home/user/liboqs/build-arm/install/include/oqs/sig_ml_dsa.h
-- Installing: /home/user/liboqs/build-arm/install/include/oqs/sig_falcon.h
-- Installing: /home/user/liboqs/build-arm/install/include/oqs/sig_mayo.h
-- Installing: /home/user/liboqs/build-arm/install/include/oqs/sig_cross.h
-- Installing: /home/user/liboqs/build-arm/install/include/oqs/sig_uov.h
-- Installing: /home/user/liboqs/build-arm/install/include/oqs/sig_snova.h
-- Installing: /home/user/liboqs/build-arm/install/include/oqs/sig_mqom.h
-- Installing: /home/user/liboqs/build-arm/install/include/oqs/sig_slh_dsa.h
-- Installing: /home/user/liboqs/build-arm/install/include/oqs/oqsconfig.h
=== Done ===
/home/user/liboqs/build-arm/install/lib/liboqs.a: current ar archive
